ISO-10303-21;
HEADER;
/* Generated by software containing ST-Developer
 * from STEP Tools, Inc. (www.steptools.com) 
 */

FILE_DESCRIPTION(
/* description */ ('KiCad electronic assembly'),
/* implementation_level */ '2;1');

FILE_NAME(
/* name */ 'HexahubV2-bottom.step',
/* time_stamp */ '2026-06-01T14:30:33+05:30',
/* author */ (''),
/* organization */ (''),
/* preprocessor_version */ 'ST-DEVELOPER v20.1',
/* originating_system */ 'Autodesk Translation Framework v15.8.0.0',
/* authorisation */ '');

FILE_SCHEMA (('AUTOMOTIVE_DESIGN { 1 0 10303 214 3 1 1 }'));
ENDSEC;

DATA;
#10=MECHANICAL_DESIGN_GEOMETRIC_PRESENTATION_REPRESENTATION('',(#141),#1969);
#11=SHAPE_REPRESENTATION_RELATIONSHIP('SRR','None',#2036,#12);
#12=ADVANCED_BREP_SHAPE_REPRESENTATION('',(#142),#1954);
#13=ITEM_DEFINED_TRANSFORMATION($,$,#1208,#1275);
#14=ITEM_DEFINED_TRANSFORMATION($,$,#1211,#1276);
#15=ITEM_DEFINED_TRANSFORMATION($,$,#1199,#1277);
#16=ITEM_DEFINED_TRANSFORMATION($,$,#1212,#1278);
#17=ITEM_DEFINED_TRANSFORMATION($,$,#1210,#1279);
#18=ITEM_DEFINED_TRANSFORMATION($,$,#1207,#1280);
#19=ITEM_DEFINED_TRANSFORMATION($,$,#1209,#1281);
#20=ITEM_DEFINED_TRANSFORMATION($,$,#1200,#1282);
#21=ITEM_DEFINED_TRANSFORMATION($,$,#1201,#1283);
#22=ITEM_DEFINED_TRANSFORMATION($,$,#1202,#1284);
#23=ITEM_DEFINED_TRANSFORMATION($,$,#1203,#1285);
#24=ITEM_DEFINED_TRANSFORMATION($,$,#1204,#1286);
#25=ITEM_DEFINED_TRANSFORMATION($,$,#1205,#1287);
#26=ITEM_DEFINED_TRANSFORMATION($,$,#1206,#1288);
#27=ITEM_DEFINED_TRANSFORMATION($,$,#1209,#1289);
#28=ITEM_DEFINED_TRANSFORMATION($,$,#1209,#1290);
#29=ITEM_DEFINED_TRANSFORMATION($,$,#1207,#1291);
#30=ITEM_DEFINED_TRANSFORMATION($,$,#1210,#1292);
#31=ITEM_DEFINED_TRANSFORMATION($,$,#1208,#1293);
#32=ITEM_DEFINED_TRANSFORMATION($,$,#1211,#1294);
#33=ITEM_DEFINED_TRANSFORMATION($,$,#1212,#1295);
#34=ITEM_DEFINED_TRANSFORMATION($,$,#1211,#1296);
#35=ITEM_DEFINED_TRANSFORMATION($,$,#1210,#1297);
#36=ITEM_DEFINED_TRANSFORMATION($,$,#1210,#1298);
#37=ITEM_DEFINED_TRANSFORMATION($,$,#1210,#1299);
#38=ITEM_DEFINED_TRANSFORMATION($,$,#1209,#1300);
#39=ITEM_DEFINED_TRANSFORMATION($,$,#1210,#1301);
#40=ITEM_DEFINED_TRANSFORMATION($,$,#1212,#1302);
#41=ITEM_DEFINED_TRANSFORMATION($,$,#1211,#1303);
#42=ITEM_DEFINED_TRANSFORMATION($,$,#1212,#1304);
#43=ITEM_DEFINED_TRANSFORMATION($,$,#1211,#1305);
#44=ITEM_DEFINED_TRANSFORMATION($,$,#1212,#1306);
#45=(
REPRESENTATION_RELATIONSHIP($,$,#2046,#2036)
REPRESENTATION_RELATIONSHIP_WITH_TRANSFORMATION(#13)
SHAPE_REPRESENTATION_RELATIONSHIP()
);
#46=(
REPRESENTATION_RELATIONSHIP($,$,#2049,#2036)
REPRESENTATION_RELATIONSHIP_WITH_TRANSFORMATION(#14)
SHAPE_REPRESENTATION_RELATIONSHIP()
);
#47=(
REPRESENTATION_RELATIONSHIP($,$,#2037,#2036)
REPRESENTATION_RELATIONSHIP_WITH_TRANSFORMATION(#15)
SHAPE_REPRESENTATION_RELATIONSHIP()
);
#48=(
REPRESENTATION_RELATIONSHIP($,$,#2050,#2036)
REPRESENTATION_RELATIONSHIP_WITH_TRANSFORMATION(#16)
SHAPE_REPRESENTATION_RELATIONSHIP()
);
#49=(
REPRESENTATION_RELATIONSHIP($,$,#2048,#2036)
REPRESENTATION_RELATIONSHIP_WITH_TRANSFORMATION(#17)
SHAPE_REPRESENTATION_RELATIONSHIP()
);
#50=(
REPRESENTATION_RELATIONSHIP($,$,#2045,#2036)
REPRESENTATION_RELATIONSHIP_WITH_TRANSFORMATION(#18)
SHAPE_REPRESENTATION_RELATIONSHIP()
);
#51=(
REPRESENTATION_RELATIONSHIP($,$,#2047,#2036)
REPRESENTATION_RELATIONSHIP_WITH_TRANSFORMATION(#19)
SHAPE_REPRESENTATION_RELATIONSHIP()
);
#52=(
REPRESENTATION_RELATIONSHIP($,$,#2038,#2036)
REPRESENTATION_RELATIONSHIP_WITH_TRANSFORMATION(#20)
SHAPE_REPRESENTATION_RELATIONSHIP()
);
#53=(
REPRESENTATION_RELATIONSHIP($,$,#2039,#2036)
REPRESENTATION_RELATIONSHIP_WITH_TRANSFORMATION(#21)
SHAPE_REPRESENTATION_RELATIONSHIP()
);
#54=(
REPRESENTATION_RELATIONSHIP($,$,#2040,#2036)
REPRESENTATION_RELATIONSHIP_WITH_TRANSFORMATION(#22)
SHAPE_REPRESENTATION_RELATIONSHIP()
);
#55=(
REPRESENTATION_RELATIONSHIP($,$,#2041,#2036)
REPRESENTATION_RELATIONSHIP_WITH_TRANSFORMATION(#23)
SHAPE_REPRESENTATION_RELATIONSHIP()
);
#56=(
REPRESENTATION_RELATIONSHIP($,$,#2042,#2036)
REPRESENTATION_RELATIONSHIP_WITH_TRANSFORMATION(#24)
SHAPE_REPRESENTATION_RELATIONSHIP()
);
#57=(
REPRESENTATION_RELATIONSHIP($,$,#2043,#2036)
REPRESENTATION_RELATIONSHIP_WITH_TRANSFORMATION(#25)
SHAPE_REPRESENTATION_RELATIONSHIP()
);
#58=(
REPRESENTATION_RELATIONSHIP($,$,#2044,#2036)
REPRESENTATION_RELATIONSHIP_WITH_TRANSFORMATION(#26)
SHAPE_REPRESENTATION_RELATIONSHIP()
);
#59=(
REPRESENTATION_RELATIONSHIP($,$,#2047,#2036)
REPRESENTATION_RELATIONSHIP_WITH_TRANSFORMATION(#27)
SHAPE_REPRESENTATION_RELATIONSHIP()
);
#60=(
REPRESENTATION_RELATIONSHIP($,$,#2047,#2036)
REPRESENTATION_RELATIONSHIP_WITH_TRANSFORMATION(#28)
SHAPE_REPRESENTATION_RELATIONSHIP()
);
#61=(
REPRESENTATION_RELATIONSHIP($,$,#2045,#2036)
REPRESENTATION_RELATIONSHIP_WITH_TRANSFORMATION(#29)
SHAPE_REPRESENTATION_RELATIONSHIP()
);
#62=(
REPRESENTATION_RELATIONSHIP($,$,#2048,#2036)
REPRESENTATION_RELATIONSHIP_WITH_TRANSFORMATION(#30)
SHAPE_REPRESENTATION_RELATIONSHIP()
);
#63=(
REPRESENTATION_RELATIONSHIP($,$,#2046,#2036)
REPRESENTATION_RELATIONSHIP_WITH_TRANSFORMATION(#31)
SHAPE_REPRESENTATION_RELATIONSHIP()
);
#64=(
REPRESENTATION_RELATIONSHIP($,$,#2049,#2036)
REPRESENTATION_RELATIONSHIP_WITH_TRANSFORMATION(#32)
SHAPE_REPRESENTATION_RELATIONSHIP()
);
#65=(
REPRESENTATION_RELATIONSHIP($,$,#2050,#2036)
REPRESENTATION_RELATIONSHIP_WITH_TRANSFORMATION(#33)
SHAPE_REPRESENTATION_RELATIONSHIP()
);
#66=(
REPRESENTATION_RELATIONSHIP($,$,#2049,#2036)
REPRESENTATION_RELATIONSHIP_WITH_TRANSFORMATION(#34)
SHAPE_REPRESENTATION_RELATIONSHIP()
);
#67=(
REPRESENTATION_RELATIONSHIP($,$,#2048,#2036)
REPRESENTATION_RELATIONSHIP_WITH_TRANSFORMATION(#35)
SHAPE_REPRESENTATION_RELATIONSHIP()
);
#68=(
REPRESENTATION_RELATIONSHIP($,$,#2048,#2036)
REPRESENTATION_RELATIONSHIP_WITH_TRANSFORMATION(#36)
SHAPE_REPRESENTATION_RELATIONSHIP()
);
#69=(
REPRESENTATION_RELATIONSHIP($,$,#2048,#2036)
REPRESENTATION_RELATIONSHIP_WITH_TRANSFORMATION(#37)
SHAPE_REPRESENTATION_RELATIONSHIP()
);
#70=(
REPRESENTATION_RELATIONSHIP($,$,#2047,#2036)
REPRESENTATION_RELATIONSHIP_WITH_TRANSFORMATION(#38)
SHAPE_REPRESENTATION_RELATIONSHIP()
);
#71=(
REPRESENTATION_RELATIONSHIP($,$,#2048,#2036)
REPRESENTATION_RELATIONSHIP_WITH_TRANSFORMATION(#39)
SHAPE_REPRESENTATION_RELATIONSHIP()
);
#72=(
REPRESENTATION_RELATIONSHIP($,$,#2050,#2036)
REPRESENTATION_RELATIONSHIP_WITH_TRANSFORMATION(#40)
SHAPE_REPRESENTATION_RELATIONSHIP()
);
#73=(
REPRESENTATION_RELATIONSHIP($,$,#2049,#2036)
REPRESENTATION_RELATIONSHIP_WITH_TRANSFORMATION(#41)
SHAPE_REPRESENTATION_RELATIONSHIP()
);
#74=(
REPRESENTATION_RELATIONSHIP($,$,#2050,#2036)
REPRESENTATION_RELATIONSHIP_WITH_TRANSFORMATION(#42)
SHAPE_REPRESENTATION_RELATIONSHIP()
);
#75=(
REPRESENTATION_RELATIONSHIP($,$,#2049,#2036)
REPRESENTATION_RELATIONSHIP_WITH_TRANSFORMATION(#43)
SHAPE_REPRESENTATION_RELATIONSHIP()
);
#76=(
REPRESENTATION_RELATIONSHIP($,$,#2050,#2036)
REPRESENTATION_RELATIONSHIP_WITH_TRANSFORMATION(#44)
SHAPE_REPRESENTATION_RELATIONSHIP()
);
#77=CONTEXT_DEPENDENT_SHAPE_REPRESENTATION(#45,#2004);
#78=CONTEXT_DEPENDENT_SHAPE_REPRESENTATION(#46,#2005);
#79=CONTEXT_DEPENDENT_SHAPE_REPRESENTATION(#47,#2006);
#80=CONTEXT_DEPENDENT_SHAPE_REPRESENTATION(#48,#2007);
#81=CONTEXT_DEPENDENT_SHAPE_REPRESENTATION(#49,#2008);
#82=CONTEXT_DEPENDENT_SHAPE_REPRESENTATION(#50,#2009);
#83=CONTEXT_DEPENDENT_SHAPE_REPRESENTATION(#51,#2010);
#84=CONTEXT_DEPENDENT_SHAPE_REPRESENTATION(#52,#2011);
#85=CONTEXT_DEPENDENT_SHAPE_REPRESENTATION(#53,#2012);
#86=CONTEXT_DEPENDENT_SHAPE_REPRESENTATION(#54,#2013);
#87=CONTEXT_DEPENDENT_SHAPE_REPRESENTATION(#55,#2014);
#88=CONTEXT_DEPENDENT_SHAPE_REPRESENTATION(#56,#2015);
#89=CONTEXT_DEPENDENT_SHAPE_REPRESENTATION(#57,#2016);
#90=CONTEXT_DEPENDENT_SHAPE_REPRESENTATION(#58,#2017);
#91=CONTEXT_DEPENDENT_SHAPE_REPRESENTATION(#59,#2018);
#92=CONTEXT_DEPENDENT_SHAPE_REPRESENTATION(#60,#2019);
#93=CONTEXT_DEPENDENT_SHAPE_REPRESENTATION(#61,#2020);
#94=CONTEXT_DEPENDENT_SHAPE_REPRESENTATION(#62,#2021);
#95=CONTEXT_DEPENDENT_SHAPE_REPRESENTATION(#63,#2022);
#96=CONTEXT_DEPENDENT_SHAPE_REPRESENTATION(#64,#2023);
#97=CONTEXT_DEPENDENT_SHAPE_REPRESENTATION(#65,#2024);
#98=CONTEXT_DEPENDENT_SHAPE_REPRESENTATION(#66,#2025);
#99=CONTEXT_DEPENDENT_SHAPE_REPRESENTATION(#67,#2026);
#100=CONTEXT_DEPENDENT_SHAPE_REPRESENTATION(#68,#2027);
#101=CONTEXT_DEPENDENT_SHAPE_REPRESENTATION(#69,#2028);
#102=CONTEXT_DEPENDENT_SHAPE_REPRESENTATION(#70,#2029);
#103=CONTEXT_DEPENDENT_SHAPE_REPRESENTATION(#71,#2030);
#104=CONTEXT_DEPENDENT_SHAPE_REPRESENTATION(#72,#2031);
#105=CONTEXT_DEPENDENT_SHAPE_REPRESENTATION(#73,#2032);
#106=CONTEXT_DEPENDENT_SHAPE_REPRESENTATION(#74,#2033);
#107=CONTEXT_DEPENDENT_SHAPE_REPRESENTATION(#75,#2034);
#108=CONTEXT_DEPENDENT_SHAPE_REPRESENTATION(#76,#2035);
#109=NEXT_ASSEMBLY_USAGE_OCCURRENCE('C_0402_1005Metric:1',
'C_0402_1005Metric:1','C_0402_1005Metric:1',#2052,#2062,
'C_0402_1005Metric:1');
#110=NEXT_ASSEMBLY_USAGE_OCCURRENCE('SOT-143:1','SOT-143:1','SOT-143:1',
#2052,#2065,'SOT-143:1');
#111=NEXT_ASSEMBLY_USAGE_OCCURRENCE('SL2.1A:1','SL2.1A:1','SL2.1A:1',#2052,
#2053,'SL2.1A:1');
#112=NEXT_ASSEMBLY_USAGE_OCCURRENCE('Fuse_1206_3216Metric:1',
'Fuse_1206_3216Metric:1','Fuse_1206_3216Metric:1',#2052,#2066,
'Fuse_1206_3216Metric:1');
#113=NEXT_ASSEMBLY_USAGE_OCCURRENCE('C_0603_1608Metric:1',
'C_0603_1608Metric:1','C_0603_1608Metric:1',#2052,#2064,
'C_0603_1608Metric:1');
#114=NEXT_ASSEMBLY_USAGE_OCCURRENCE('R_0603_1608Metric:1',
'R_0603_1608Metric:1','R_0603_1608Metric:1',#2052,#2061,
'R_0603_1608Metric:1');
#115=NEXT_ASSEMBLY_USAGE_OCCURRENCE('USB_A_Molex_67643_Horizontal:1',
'USB_A_Molex_67643_Horizontal:1','USB_A_Molex_67643_Horizontal:1',#2052,
#2063,'USB_A_Molex_67643_Horizontal:1');
#116=NEXT_ASSEMBLY_USAGE_OCCURRENCE('Crystal_SMD_3225-4Pin_3.2x2.5mm:1',
'Crystal_SMD_3225-4Pin_3.2x2.5mm:1','Crystal_SMD_3225-4Pin_3.2x2.5mm:1',
#2052,#2054,'Crystal_SMD_3225-4Pin_3.2x2.5mm:1');
#117=NEXT_ASSEMBLY_USAGE_OCCURRENCE('HRO  TYPE-C-31-M-12:1',
'HRO  TYPE-C-31-M-12:1','HRO  TYPE-C-31-M-12:1',#2052,#2055,
'HRO  TYPE-C-31-M-12:1');
#118=NEXT_ASSEMBLY_USAGE_OCCURRENCE('HexaHubV2_copper:1',
'HexaHubV2_copper:1','HexaHubV2_copper:1',#2052,#2056,
'HexaHubV2_copper:1');
#119=NEXT_ASSEMBLY_USAGE_OCCURRENCE('HexaHubV2_silkscreen:1',
'HexaHubV2_silkscreen:1','HexaHubV2_silkscreen:1',#2052,#2057,
'HexaHubV2_silkscreen:1');
#120=NEXT_ASSEMBLY_USAGE_OCCURRENCE('HexaHubV2_soldermask:1',
'HexaHubV2_soldermask:1','HexaHubV2_soldermask:1',#2052,#2058,
'HexaHubV2_soldermask:1');
#121=NEXT_ASSEMBLY_USAGE_OCCURRENCE('HexaHubV2_soldermask (1):1',
'HexaHubV2_soldermask (1):1','HexaHubV2_soldermask (1):1',#2052,#2059,
'HexaHubV2_soldermask (1):1');
#122=NEXT_ASSEMBLY_USAGE_OCCURRENCE('HexaHubV2_PCB:1','HexaHubV2_PCB:1',
'HexaHubV2_PCB:1',#2052,#2060,'HexaHubV2_PCB:1');
#123=NEXT_ASSEMBLY_USAGE_OCCURRENCE('USB_A_Molex_67643_Horizontal:2',
'USB_A_Molex_67643_Horizontal:2','USB_A_Molex_67643_Horizontal:2',#2052,
#2063,'USB_A_Molex_67643_Horizontal:2');
#124=NEXT_ASSEMBLY_USAGE_OCCURRENCE('USB_A_Molex_67643_Horizontal:3',
'USB_A_Molex_67643_Horizontal:3','USB_A_Molex_67643_Horizontal:3',#2052,
#2063,'USB_A_Molex_67643_Horizontal:3');
#125=NEXT_ASSEMBLY_USAGE_OCCURRENCE('R_0603_1608Metric:2',
'R_0603_1608Metric:2','R_0603_1608Metric:2',#2052,#2061,
'R_0603_1608Metric:2');
#126=NEXT_ASSEMBLY_USAGE_OCCURRENCE('C_0603_1608Metric:2',
'C_0603_1608Metric:2','C_0603_1608Metric:2',#2052,#2064,
'C_0603_1608Metric:2');
#127=NEXT_ASSEMBLY_USAGE_OCCURRENCE('C_0402_1005Metric:2',
'C_0402_1005Metric:2','C_0402_1005Metric:2',#2052,#2062,
'C_0402_1005Metric:2');
#128=NEXT_ASSEMBLY_USAGE_OCCURRENCE('SOT-143:2','SOT-143:2','SOT-143:2',
#2052,#2065,'SOT-143:2');
#129=NEXT_ASSEMBLY_USAGE_OCCURRENCE('Fuse_1206_3216Metric:2',
'Fuse_1206_3216Metric:2','Fuse_1206_3216Metric:2',#2052,#2066,
'Fuse_1206_3216Metric:2');
#130=NEXT_ASSEMBLY_USAGE_OCCURRENCE('SOT-143:3','SOT-143:3','SOT-143:3',
#2052,#2065,'SOT-143:3');
#131=NEXT_ASSEMBLY_USAGE_OCCURRENCE('C_0603_1608Metric:3',
'C_0603_1608Metric:3','C_0603_1608Metric:3',#2052,#2064,
'C_0603_1608Metric:3');
#132=NEXT_ASSEMBLY_USAGE_OCCURRENCE('C_0603_1608Metric:4',
'C_0603_1608Metric:4','C_0603_1608Metric:4',#2052,#2064,
'C_0603_1608Metric:4');
#133=NEXT_ASSEMBLY_USAGE_OCCURRENCE('C_0603_1608Metric:5',
'C_0603_1608Metric:5','C_0603_1608Metric:5',#2052,#2064,
'C_0603_1608Metric:5');
#134=NEXT_ASSEMBLY_USAGE_OCCURRENCE('USB_A_Molex_67643_Horizontal:4',
'USB_A_Molex_67643_Horizontal:4','USB_A_Molex_67643_Horizontal:4',#2052,
#2063,'USB_A_Molex_67643_Horizontal:4');
#135=NEXT_ASSEMBLY_USAGE_OCCURRENCE('C_0603_1608Metric:6',
'C_0603_1608Metric:6','C_0603_1608Metric:6',#2052,#2064,
'C_0603_1608Metric:6');
#136=NEXT_ASSEMBLY_USAGE_OCCURRENCE('Fuse_1206_3216Metric:3',
'Fuse_1206_3216Metric:3','Fuse_1206_3216Metric:3',#2052,#2066,
'Fuse_1206_3216Metric:3');
#137=NEXT_ASSEMBLY_USAGE_OCCURRENCE('SOT-143:4','SOT-143:4','SOT-143:4',
#2052,#2065,'SOT-143:4');
#138=NEXT_ASSEMBLY_USAGE_OCCURRENCE('Fuse_1206_3216Metric:4',
'Fuse_1206_3216Metric:4','Fuse_1206_3216Metric:4',#2052,#2066,
'Fuse_1206_3216Metric:4');
#139=NEXT_ASSEMBLY_USAGE_OCCURRENCE('SOT-143:5','SOT-143:5','SOT-143:5',
#2052,#2065,'SOT-143:5');
#140=NEXT_ASSEMBLY_USAGE_OCCURRENCE('Fuse_1206_3216Metric:5',
'Fuse_1206_3216Metric:5','Fuse_1206_3216Metric:5',#2052,#2066,
'Fuse_1206_3216Metric:5');
#141=STYLED_ITEM('',(#2117),#142);
#142=MANIFOLD_SOLID_BREP('Top',#1042);
#143=FACE_BOUND('',#247,.T.);
#144=FACE_BOUND('',#248,.T.);
#145=FACE_BOUND('',#249,.T.);
#146=FACE_BOUND('',#250,.T.);
#147=FACE_BOUND('',#251,.T.);
#148=FACE_BOUND('',#252,.T.);
#149=FACE_BOUND('',#253,.T.);
#150=PLANE('',#1216);
#151=PLANE('',#1217);
#152=PLANE('',#1225);
#153=PLANE('',#1230);
#154=PLANE('',#1233);
#155=PLANE('',#1236);
#156=PLANE('',#1237);
#157=PLANE('',#1238);
#158=PLANE('',#1239);
#159=PLANE('',#1240);
#160=PLANE('',#1241);
#161=PLANE('',#1242);
#162=PLANE('',#1243);
#163=PLANE('',#1244);
#164=PLANE('',#1245);
#165=PLANE('',#1246);
#166=PLANE('',#1247);
#167=PLANE('',#1248);
#168=PLANE('',#1249);
#169=PLANE('',#1250);
#170=PLANE('',#1251);
#171=PLANE('',#1252);
#172=PLANE('',#1253);
#173=PLANE('',#1254);
#174=PLANE('',#1255);
#175=PLANE('',#1256);
#176=PLANE('',#1257);
#177=PLANE('',#1258);
#178=PLANE('',#1259);
#179=PLANE('',#1260);
#180=PLANE('',#1261);
#181=PLANE('',#1262);
#182=PLANE('',#1263);
#183=PLANE('',#1264);
#184=PLANE('',#1265);
#185=PLANE('',#1266);
#186=PLANE('',#1267);
#187=PLANE('',#1268);
#188=PLANE('',#1269);
#189=PLANE('',#1270);
#190=PLANE('',#1271);
#191=PLANE('',#1272);
#192=PLANE('',#1273);
#193=PLANE('',#1274);
#194=FACE_OUTER_BOUND('',#244,.T.);
#195=FACE_OUTER_BOUND('',#245,.T.);
#196=FACE_OUTER_BOUND('',#246,.T.);
#197=FACE_OUTER_BOUND('',#254,.T.);
#198=FACE_OUTER_BOUND('',#255,.T.);
#199=FACE_OUTER_BOUND('',#256,.T.);
#200=FACE_OUTER_BOUND('',#257,.T.);
#201=FACE_OUTER_BOUND('',#258,.T.);
#202=FACE_OUTER_BOUND('',#259,.T.);
#203=FACE_OUTER_BOUND('',#260,.T.);
#204=FACE_OUTER_BOUND('',#261,.T.);
#205=FACE_OUTER_BOUND('',#262,.T.);
#206=FACE_OUTER_BOUND('',#263,.T.);
#207=FACE_OUTER_BOUND('',#264,.T.);
#208=FACE_OUTER_BOUND('',#265,.T.);
#209=FACE_OUTER_BOUND('',#266,.T.);
#210=FACE_OUTER_BOUND('',#267,.T.);
#211=FACE_OUTER_BOUND('',#268,.T.);
#212=FACE_OUTER_BOUND('',#269,.T.);
#213=FACE_OUTER_BOUND('',#270,.T.);
#214=FACE_OUTER_BOUND('',#271,.T.);
#215=FACE_OUTER_BOUND('',#272,.T.);
#216=FACE_OUTER_BOUND('',#273,.T.);
#217=FACE_OUTER_BOUND('',#274,.T.);
#218=FACE_OUTER_BOUND('',#275,.T.);
#219=FACE_OUTER_BOUND('',#276,.T.);
#220=FACE_OUTER_BOUND('',#277,.T.);
#221=FACE_OUTER_BOUND('',#278,.T.);
#222=FACE_OUTER_BOUND('',#279,.T.);
#223=FACE_OUTER_BOUND('',#280,.T.);
#224=FACE_OUTER_BOUND('',#281,.T.);
#225=FACE_OUTER_BOUND('',#282,.T.);
#226=FACE_OUTER_BOUND('',#283,.T.);
#227=FACE_OUTER_BOUND('',#284,.T.);
#228=FACE_OUTER_BOUND('',#285,.T.);
#229=FACE_OUTER_BOUND('',#286,.T.);
#230=FACE_OUTER_BOUND('',#287,.T.);
#231=FACE_OUTER_BOUND('',#288,.T.);
#232=FACE_OUTER_BOUND('',#289,.T.);
#233=FACE_OUTER_BOUND('',#290,.T.);
#234=FACE_OUTER_BOUND('',#291,.T.);
#235=FACE_OUTER_BOUND('',#292,.T.);
#236=FACE_OUTER_BOUND('',#293,.T.);
#237=FACE_OUTER_BOUND('',#294,.T.);
#238=FACE_OUTER_BOUND('',#295,.T.);
#239=FACE_OUTER_BOUND('',#296,.T.);
#240=FACE_OUTER_BOUND('',#297,.T.);
#241=FACE_OUTER_BOUND('',#298,.T.);
#242=FACE_OUTER_BOUND('',#299,.T.);
#243=FACE_OUTER_BOUND('',#300,.T.);
#244=EDGE_LOOP('',(#740,#741,#742,#743));
#245=EDGE_LOOP('',(#744,#745,#746,#747));
#246=EDGE_LOOP('',(#748,#749,#750,#751,#752,#753,#754,#755,#756,#757,#758,
#759,#760));
#247=EDGE_LOOP('',(#761,#762,#763,#764));
#248=EDGE_LOOP('',(#765,#766,#767,#768));
#249=EDGE_LOOP('',(#769,#770,#771,#772));
#250=EDGE_LOOP('',(#773,#774,#775,#776));
#251=EDGE_LOOP('',(#777,#778,#779,#780));
#252=EDGE_LOOP('',(#781,#782,#783,#784));
#253=EDGE_LOOP('',(#785,#786,#787,#788));
#254=EDGE_LOOP('',(#789,#790,#791,#792));
#255=EDGE_LOOP('',(#793,#794,#795,#796));
#256=EDGE_LOOP('',(#797,#798,#799,#800));
#257=EDGE_LOOP('',(#801,#802,#803,#804));
#258=EDGE_LOOP('',(#805,#806,#807,#808));
#259=EDGE_LOOP('',(#809,#810,#811,#812));
#260=EDGE_LOOP('',(#813,#814,#815,#816));
#261=EDGE_LOOP('',(#817,#818,#819,#820));
#262=EDGE_LOOP('',(#821,#822,#823,#824));
#263=EDGE_LOOP('',(#825,#826,#827,#828));
#264=EDGE_LOOP('',(#829,#830,#831,#832));
#265=EDGE_LOOP('',(#833,#834,#835,#836));
#266=EDGE_LOOP('',(#837,#838,#839,#840));
#267=EDGE_LOOP('',(#841,#842,#843,#844));
#268=EDGE_LOOP('',(#845,#846,#847,#848));
#269=EDGE_LOOP('',(#849,#850,#851,#852));
#270=EDGE_LOOP('',(#853,#854,#855,#856));
#271=EDGE_LOOP('',(#857,#858,#859,#860));
#272=EDGE_LOOP('',(#861,#862,#863,#864));
#273=EDGE_LOOP('',(#865,#866,#867,#868));
#274=EDGE_LOOP('',(#869,#870,#871,#872));
#275=EDGE_LOOP('',(#873,#874,#875,#876));
#276=EDGE_LOOP('',(#877,#878,#879,#880));
#277=EDGE_LOOP('',(#881,#882,#883,#884));
#278=EDGE_LOOP('',(#885,#886,#887,#888));
#279=EDGE_LOOP('',(#889,#890,#891,#892));
#280=EDGE_LOOP('',(#893,#894,#895,#896));
#281=EDGE_LOOP('',(#897,#898,#899,#900));
#282=EDGE_LOOP('',(#901,#902,#903,#904));
#283=EDGE_LOOP('',(#905,#906,#907,#908));
#284=EDGE_LOOP('',(#909,#910,#911,#912));
#285=EDGE_LOOP('',(#913,#914,#915,#916));
#286=EDGE_LOOP('',(#917,#918,#919,#920));
#287=EDGE_LOOP('',(#921,#922,#923,#924));
#288=EDGE_LOOP('',(#925,#926,#927,#928));
#289=EDGE_LOOP('',(#929,#930,#931,#932));
#290=EDGE_LOOP('',(#933,#934,#935,#936));
#291=EDGE_LOOP('',(#937,#938,#939,#940));
#292=EDGE_LOOP('',(#941,#942,#943,#944));
#293=EDGE_LOOP('',(#945,#946,#947,#948));
#294=EDGE_LOOP('',(#949,#950,#951,#952));
#295=EDGE_LOOP('',(#953,#954,#955,#956));
#296=EDGE_LOOP('',(#957,#958,#959,#960));
#297=EDGE_LOOP('',(#961,#962,#963,#964));
#298=EDGE_LOOP('',(#965,#966,#967,#968));
#299=EDGE_LOOP('',(#969,#970,#971,#972));
#300=EDGE_LOOP('',(#973,#974,#975,#976,#977,#978,#979,#980,#981,#982,#983,
#984,#985));
#301=LINE('',#1656,#412);
#302=LINE('',#1659,#413);
#303=LINE('',#1662,#414);
#304=LINE('',#1664,#415);
#305=LINE('',#1665,#416);
#306=LINE('',#1668,#417);
#307=LINE('',#1672,#418);
#308=LINE('',#1676,#419);
#309=LINE('',#1680,#420);
#310=LINE('',#1684,#421);
#311=LINE('',#1686,#422);
#312=LINE('',#1690,#423);
#313=LINE('',#1692,#424);
#314=LINE('',#1694,#425);
#315=LINE('',#1695,#426);
#316=LINE('',#1698,#427);
#317=LINE('',#1700,#428);
#318=LINE('',#1702,#429);
#319=LINE('',#1703,#430);
#320=LINE('',#1706,#431);
#321=LINE('',#1708,#432);
#322=LINE('',#1710,#433);
#323=LINE('',#1711,#434);
#324=LINE('',#1714,#435);
#325=LINE('',#1716,#436);
#326=LINE('',#1718,#437);
#327=LINE('',#1719,#438);
#328=LINE('',#1722,#439);
#329=LINE('',#1724,#440);
#330=LINE('',#1726,#441);
#331=LINE('',#1727,#442);
#332=LINE('',#1730,#443);
#333=LINE('',#1732,#444);
#334=LINE('',#1734,#445);
#335=LINE('',#1735,#446);
#336=LINE('',#1738,#447);
#337=LINE('',#1740,#448);
#338=LINE('',#1742,#449);
#339=LINE('',#1743,#450);
#340=LINE('',#1748,#451);
#341=LINE('',#1749,#452);
#342=LINE('',#1752,#453);
#343=LINE('',#1753,#454);
#344=LINE('',#1757,#455);
#345=LINE('',#1761,#456);
#346=LINE('',#1764,#457);
#347=LINE('',#1765,#458);
#348=LINE('',#1770,#459);
#349=LINE('',#1771,#460);
#350=LINE('',#1773,#461);
#351=LINE('',#1778,#462);
#352=LINE('',#1779,#463);
#353=LINE('',#1781,#464);
#354=LINE('',#1785,#465);
#355=LINE('',#1786,#466);
#356=LINE('',#1787,#467);
#357=LINE('',#1790,#468);
#358=LINE('',#1791,#469);
#359=LINE('',#1794,#470);
#360=LINE('',#1795,#471);
#361=LINE('',#1797,#472);
#362=LINE('',#1802,#473);
#363=LINE('',#1803,#474);
#364=LINE('',#1804,#475);
#365=LINE('',#1807,#476);
#366=LINE('',#1808,#477);
#367=LINE('',#1811,#478);
#368=LINE('',#1812,#479);
#369=LINE('',#1814,#480);
#370=LINE('',#1819,#481);
#371=LINE('',#1820,#482);
#372=LINE('',#1821,#483);
#373=LINE('',#1824,#484);
#374=LINE('',#1825,#485);
#375=LINE('',#1828,#486);
#376=LINE('',#1829,#487);
#377=LINE('',#1831,#488);
#378=LINE('',#1836,#489);
#379=LINE('',#1837,#490);
#380=LINE('',#1838,#491);
#381=LINE('',#1841,#492);
#382=LINE('',#1842,#493);
#383=LINE('',#1845,#494);
#384=LINE('',#1846,#495);
#385=LINE('',#1848,#496);
#386=LINE('',#1853,#497);
#387=LINE('',#1854,#498);
#388=LINE('',#1855,#499);
#389=LINE('',#1858,#500);
#390=LINE('',#1859,#501);
#391=LINE('',#1862,#502);
#392=LINE('',#1863,#503);
#393=LINE('',#1865,#504);
#394=LINE('',#1870,#505);
#395=LINE('',#1871,#506);
#396=LINE('',#1872,#507);
#397=LINE('',#1875,#508);
#398=LINE('',#1876,#509);
#399=LINE('',#1879,#510);
#400=LINE('',#1880,#511);
#401=LINE('',#1882,#512);
#402=LINE('',#1887,#513);
#403=LINE('',#1888,#514);
#404=LINE('',#1889,#515);
#405=LINE('',#1892,#516);
#406=LINE('',#1893,#517);
#407=LINE('',#1896,#518);
#408=LINE('',#1897,#519);
#409=LINE('',#1899,#520);
#410=LINE('',#1902,#521);
#411=LINE('',#1904,#522);
#412=VECTOR('',#1341,10.);
#413=VECTOR('',#1344,10.);
#414=VECTOR('',#1347,10.);
#415=VECTOR('',#1348,10.);
#416=VECTOR('',#1349,10.);
#417=VECTOR('',#1352,10.);
#418=VECTOR('',#1355,10.);
#419=VECTOR('',#1358,10.);
#420=VECTOR('',#1361,10.);
#421=VECTOR('',#1364,10.);
#422=VECTOR('',#1365,10.);
#423=VECTOR('',#1368,10.);
#424=VECTOR('',#1369,10.);
#425=VECTOR('',#1370,10.);
#426=VECTOR('',#1371,10.);
#427=VECTOR('',#1372,10.);
#428=VECTOR('',#1373,10.);
#429=VECTOR('',#1374,10.);
#430=VECTOR('',#1375,10.);
#431=VECTOR('',#1376,10.);
#432=VECTOR('',#1377,10.);
#433=VECTOR('',#1378,10.);
#434=VECTOR('',#1379,10.);
#435=VECTOR('',#1380,10.);
#436=VECTOR('',#1381,10.);
#437=VECTOR('',#1382,10.);
#438=VECTOR('',#1383,10.);
#439=VECTOR('',#1384,10.);
#440=VECTOR('',#1385,10.);
#441=VECTOR('',#1386,10.);
#442=VECTOR('',#1387,10.);
#443=VECTOR('',#1388,10.);
#444=VECTOR('',#1389,10.);
#445=VECTOR('',#1390,10.);
#446=VECTOR('',#1391,10.);
#447=VECTOR('',#1392,10.);
#448=VECTOR('',#1393,10.);
#449=VECTOR('',#1394,10.);
#450=VECTOR('',#1395,10.);
#451=VECTOR('',#1400,10.);
#452=VECTOR('',#1401,10.);
#453=VECTOR('',#1404,10.);
#454=VECTOR('',#1405,10.);
#455=VECTOR('',#1410,10.);
#456=VECTOR('',#1415,10.);
#457=VECTOR('',#1418,10.);
#458=VECTOR('',#1419,10.);
#459=VECTOR('',#1424,10.);
#460=VECTOR('',#1425,10.);
#461=VECTOR('',#1428,10.);
#462=VECTOR('',#1433,10.);
#463=VECTOR('',#1434,10.);
#464=VECTOR('',#1437,10.);
#465=VECTOR('',#1440,10.);
#466=VECTOR('',#1441,10.);
#467=VECTOR('',#1442,10.);
#468=VECTOR('',#1445,10.);
#469=VECTOR('',#1446,10.);
#470=VECTOR('',#1449,10.);
#471=VECTOR('',#1450,10.);
#472=VECTOR('',#1453,10.);
#473=VECTOR('',#1458,10.);
#474=VECTOR('',#1459,10.);
#475=VECTOR('',#1460,10.);
#476=VECTOR('',#1463,10.);
#477=VECTOR('',#1464,10.);
#478=VECTOR('',#1467,10.);
#479=VECTOR('',#1468,10.);
#480=VECTOR('',#1471,10.);
#481=VECTOR('',#1476,10.);
#482=VECTOR('',#1477,10.);
#483=VECTOR('',#1478,10.);
#484=VECTOR('',#1481,10.);
#485=VECTOR('',#1482,10.);
#486=VECTOR('',#1485,10.);
#487=VECTOR('',#1486,10.);
#488=VECTOR('',#1489,10.);
#489=VECTOR('',#1494,10.);
#490=VECTOR('',#1495,10.);
#491=VECTOR('',#1496,10.);
#492=VECTOR('',#1499,10.);
#493=VECTOR('',#1500,10.);
#494=VECTOR('',#1503,10.);
#495=VECTOR('',#1504,10.);
#496=VECTOR('',#1507,10.);
#497=VECTOR('',#1512,10.);
#498=VECTOR('',#1513,10.);
#499=VECTOR('',#1514,10.);
#500=VECTOR('',#1517,10.);
#501=VECTOR('',#1518,10.);
#502=VECTOR('',#1521,10.);
#503=VECTOR('',#1522,10.);
#504=VECTOR('',#1525,10.);
#505=VECTOR('',#1530,10.);
#506=VECTOR('',#1531,10.);
#507=VECTOR('',#1532,10.);
#508=VECTOR('',#1535,10.);
#509=VECTOR('',#1536,10.);
#510=VECTOR('',#1539,10.);
#511=VECTOR('',#1540,10.);
#512=VECTOR('',#1543,10.);
#513=VECTOR('',#1548,10.);
#514=VECTOR('',#1549,10.);
#515=VECTOR('',#1550,10.);
#516=VECTOR('',#1553,10.);
#517=VECTOR('',#1554,10.);
#518=VECTOR('',#1557,10.);
#519=VECTOR('',#1558,10.);
#520=VECTOR('',#1561,10.);
#521=VECTOR('',#1566,10.);
#522=VECTOR('',#1569,10.);
#523=CIRCLE('',#1214,1.);
#524=CIRCLE('',#1215,1.);
#525=CIRCLE('',#1218,1.);
#526=CIRCLE('',#1219,1.);
#527=CIRCLE('',#1220,1.);
#528=CIRCLE('',#1221,1.);
#529=CIRCLE('',#1222,1.);
#530=CIRCLE('',#1224,1.);
#531=CIRCLE('',#1227,1.);
#532=CIRCLE('',#1229,1.);
#533=CIRCLE('',#1232,1.);
#534=CIRCLE('',#1235,1.);
#535=VERTEX_POINT('',#1652);
#536=VERTEX_POINT('',#1653);
#537=VERTEX_POINT('',#1655);
#538=VERTEX_POINT('',#1657);
#539=VERTEX_POINT('',#1661);
#540=VERTEX_POINT('',#1663);
#541=VERTEX_POINT('',#1667);
#542=VERTEX_POINT('',#1669);
#543=VERTEX_POINT('',#1671);
#544=VERTEX_POINT('',#1673);
#545=VERTEX_POINT('',#1675);
#546=VERTEX_POINT('',#1677);
#547=VERTEX_POINT('',#1679);
#548=VERTEX_POINT('',#1681);
#549=VERTEX_POINT('',#1683);
#550=VERTEX_POINT('',#1685);
#551=VERTEX_POINT('',#1688);
#552=VERTEX_POINT('',#1689);
#553=VERTEX_POINT('',#1691);
#554=VERTEX_POINT('',#1693);
#555=VERTEX_POINT('',#1696);
#556=VERTEX_POINT('',#1697);
#557=VERTEX_POINT('',#1699);
#558=VERTEX_POINT('',#1701);
#559=VERTEX_POINT('',#1704);
#560=VERTEX_POINT('',#1705);
#561=VERTEX_POINT('',#1707);
#562=VERTEX_POINT('',#1709);
#563=VERTEX_POINT('',#1712);
#564=VERTEX_POINT('',#1713);
#565=VERTEX_POINT('',#1715);
#566=VERTEX_POINT('',#1717);
#567=VERTEX_POINT('',#1720);
#568=VERTEX_POINT('',#1721);
#569=VERTEX_POINT('',#1723);
#570=VERTEX_POINT('',#1725);
#571=VERTEX_POINT('',#1728);
#572=VERTEX_POINT('',#1729);
#573=VERTEX_POINT('',#1731);
#574=VERTEX_POINT('',#1733);
#575=VERTEX_POINT('',#1736);
#576=VERTEX_POINT('',#1737);
#577=VERTEX_POINT('',#1739);
#578=VERTEX_POINT('',#1741);
#579=VERTEX_POINT('',#1745);
#580=VERTEX_POINT('',#1746);
#581=VERTEX_POINT('',#1751);
#582=VERTEX_POINT('',#1755);
#583=VERTEX_POINT('',#1759);
#584=VERTEX_POINT('',#1763);
#585=VERTEX_POINT('',#1767);
#586=VERTEX_POINT('',#1768);
#587=VERTEX_POINT('',#1775);
#588=VERTEX_POINT('',#1776);
#589=VERTEX_POINT('',#1783);
#590=VERTEX_POINT('',#1784);
#591=VERTEX_POINT('',#1789);
#592=VERTEX_POINT('',#1793);
#593=VERTEX_POINT('',#1800);
#594=VERTEX_POINT('',#1801);
#595=VERTEX_POINT('',#1806);
#596=VERTEX_POINT('',#1810);
#597=VERTEX_POINT('',#1817);
#598=VERTEX_POINT('',#1818);
#599=VERTEX_POINT('',#1823);
#600=VERTEX_POINT('',#1827);
#601=VERTEX_POINT('',#1834);
#602=VERTEX_POINT('',#1835);
#603=VERTEX_POINT('',#1840);
#604=VERTEX_POINT('',#1844);
#605=VERTEX_POINT('',#1851);
#606=VERTEX_POINT('',#1852);
#607=VERTEX_POINT('',#1857);
#608=VERTEX_POINT('',#1861);
#609=VERTEX_POINT('',#1868);
#610=VERTEX_POINT('',#1869);
#611=VERTEX_POINT('',#1874);
#612=VERTEX_POINT('',#1878);
#613=VERTEX_POINT('',#1885);
#614=VERTEX_POINT('',#1886);
#615=VERTEX_POINT('',#1891);
#616=VERTEX_POINT('',#1895);
#617=EDGE_CURVE('',#535,#536,#523,.T.);
#618=EDGE_CURVE('',#536,#537,#301,.T.);
#619=EDGE_CURVE('',#537,#538,#524,.T.);
#620=EDGE_CURVE('',#538,#535,#302,.T.);
#621=EDGE_CURVE('',#539,#538,#303,.T.);
#622=EDGE_CURVE('',#540,#539,#304,.T.);
#623=EDGE_CURVE('',#535,#540,#305,.T.);
#624=EDGE_CURVE('',#537,#541,#306,.T.);
#625=EDGE_CURVE('',#542,#541,#525,.T.);
#626=EDGE_CURVE('',#542,#543,#307,.T.);
#627=EDGE_CURVE('',#544,#543,#526,.T.);
#628=EDGE_CURVE('',#544,#545,#308,.T.);
#629=EDGE_CURVE('',#546,#545,#527,.T.);
#630=EDGE_CURVE('',#546,#547,#309,.T.);
#631=EDGE_CURVE('',#548,#547,#528,.T.);
#632=EDGE_CURVE('',#549,#548,#310,.T.);
#633=EDGE_CURVE('',#550,#549,#311,.T.);
#634=EDGE_CURVE('',#539,#550,#529,.T.);
#635=EDGE_CURVE('',#551,#552,#312,.T.);
#636=EDGE_CURVE('',#552,#553,#313,.T.);
#637=EDGE_CURVE('',#553,#554,#314,.T.);
#638=EDGE_CURVE('',#554,#551,#315,.T.);
#639=EDGE_CURVE('',#555,#556,#316,.T.);
#640=EDGE_CURVE('',#556,#557,#317,.T.);
#641=EDGE_CURVE('',#557,#558,#318,.T.);
#642=EDGE_CURVE('',#558,#555,#319,.T.);
#643=EDGE_CURVE('',#559,#560,#320,.T.);
#644=EDGE_CURVE('',#560,#561,#321,.T.);
#645=EDGE_CURVE('',#561,#562,#322,.T.);
#646=EDGE_CURVE('',#562,#559,#323,.T.);
#647=EDGE_CURVE('',#563,#564,#324,.T.);
#648=EDGE_CURVE('',#564,#565,#325,.T.);
#649=EDGE_CURVE('',#565,#566,#326,.T.);
#650=EDGE_CURVE('',#566,#563,#327,.T.);
#651=EDGE_CURVE('',#567,#568,#328,.T.);
#652=EDGE_CURVE('',#568,#569,#329,.T.);
#653=EDGE_CURVE('',#569,#570,#330,.T.);
#654=EDGE_CURVE('',#570,#567,#331,.T.);
#655=EDGE_CURVE('',#571,#572,#332,.T.);
#656=EDGE_CURVE('',#572,#573,#333,.T.);
#657=EDGE_CURVE('',#573,#574,#334,.T.);
#658=EDGE_CURVE('',#574,#571,#335,.T.);
#659=EDGE_CURVE('',#575,#576,#336,.T.);
#660=EDGE_CURVE('',#576,#577,#337,.T.);
#661=EDGE_CURVE('',#577,#578,#338,.T.);
#662=EDGE_CURVE('',#578,#575,#339,.T.);
#663=EDGE_CURVE('',#579,#580,#530,.T.);
#664=EDGE_CURVE('',#580,#542,#340,.T.);
#665=EDGE_CURVE('',#541,#579,#341,.T.);
#666=EDGE_CURVE('',#581,#580,#342,.T.);
#667=EDGE_CURVE('',#543,#581,#343,.T.);
#668=EDGE_CURVE('',#581,#582,#531,.T.);
#669=EDGE_CURVE('',#582,#544,#344,.T.);
#670=EDGE_CURVE('',#583,#540,#532,.T.);
#671=EDGE_CURVE('',#550,#583,#345,.T.);
#672=EDGE_CURVE('',#549,#584,#346,.T.);
#673=EDGE_CURVE('',#583,#584,#347,.T.);
#674=EDGE_CURVE('',#585,#586,#533,.T.);
#675=EDGE_CURVE('',#586,#546,#348,.T.);
#676=EDGE_CURVE('',#545,#585,#349,.T.);
#677=EDGE_CURVE('',#585,#582,#350,.T.);
#678=EDGE_CURVE('',#587,#588,#534,.T.);
#679=EDGE_CURVE('',#588,#548,#351,.T.);
#680=EDGE_CURVE('',#547,#587,#352,.T.);
#681=EDGE_CURVE('',#584,#588,#353,.T.);
#682=EDGE_CURVE('',#589,#590,#354,.T.);
#683=EDGE_CURVE('',#589,#552,#355,.T.);
#684=EDGE_CURVE('',#590,#551,#356,.T.);
#685=EDGE_CURVE('',#590,#591,#357,.T.);
#686=EDGE_CURVE('',#591,#554,#358,.T.);
#687=EDGE_CURVE('',#591,#592,#359,.T.);
#688=EDGE_CURVE('',#592,#553,#360,.T.);
#689=EDGE_CURVE('',#592,#589,#361,.T.);
#690=EDGE_CURVE('',#593,#594,#362,.T.);
#691=EDGE_CURVE('',#593,#556,#363,.T.);
#692=EDGE_CURVE('',#594,#555,#364,.T.);
#693=EDGE_CURVE('',#594,#595,#365,.T.);
#694=EDGE_CURVE('',#595,#558,#366,.T.);
#695=EDGE_CURVE('',#595,#596,#367,.T.);
#696=EDGE_CURVE('',#596,#557,#368,.T.);
#697=EDGE_CURVE('',#596,#593,#369,.T.);
#698=EDGE_CURVE('',#597,#598,#370,.T.);
#699=EDGE_CURVE('',#597,#560,#371,.T.);
#700=EDGE_CURVE('',#598,#559,#372,.T.);
#701=EDGE_CURVE('',#598,#599,#373,.T.);
#702=EDGE_CURVE('',#599,#562,#374,.T.);
#703=EDGE_CURVE('',#599,#600,#375,.T.);
#704=EDGE_CURVE('',#600,#561,#376,.T.);
#705=EDGE_CURVE('',#600,#597,#377,.T.);
#706=EDGE_CURVE('',#601,#602,#378,.T.);
#707=EDGE_CURVE('',#601,#564,#379,.T.);
#708=EDGE_CURVE('',#602,#563,#380,.T.);
#709=EDGE_CURVE('',#602,#603,#381,.T.);
#710=EDGE_CURVE('',#603,#566,#382,.T.);
#711=EDGE_CURVE('',#603,#604,#383,.T.);
#712=EDGE_CURVE('',#604,#565,#384,.T.);
#713=EDGE_CURVE('',#601,#604,#385,.T.);
#714=EDGE_CURVE('',#605,#606,#386,.T.);
#715=EDGE_CURVE('',#605,#568,#387,.T.);
#716=EDGE_CURVE('',#606,#567,#388,.T.);
#717=EDGE_CURVE('',#606,#607,#389,.T.);
#718=EDGE_CURVE('',#607,#570,#390,.T.);
#719=EDGE_CURVE('',#607,#608,#391,.T.);
#720=EDGE_CURVE('',#608,#569,#392,.T.);
#721=EDGE_CURVE('',#608,#605,#393,.T.);
#722=EDGE_CURVE('',#609,#610,#394,.T.);
#723=EDGE_CURVE('',#609,#572,#395,.T.);
#724=EDGE_CURVE('',#610,#571,#396,.T.);
#725=EDGE_CURVE('',#610,#611,#397,.T.);
#726=EDGE_CURVE('',#611,#574,#398,.T.);
#727=EDGE_CURVE('',#611,#612,#399,.T.);
#728=EDGE_CURVE('',#612,#573,#400,.T.);
#729=EDGE_CURVE('',#612,#609,#401,.T.);
#730=EDGE_CURVE('',#613,#614,#402,.T.);
#731=EDGE_CURVE('',#613,#576,#403,.T.);
#732=EDGE_CURVE('',#614,#575,#404,.T.);
#733=EDGE_CURVE('',#614,#615,#405,.T.);
#734=EDGE_CURVE('',#615,#578,#406,.T.);
#735=EDGE_CURVE('',#616,#615,#407,.T.);
#736=EDGE_CURVE('',#616,#577,#408,.T.);
#737=EDGE_CURVE('',#613,#616,#409,.T.);
#738=EDGE_CURVE('',#579,#536,#410,.T.);
#739=EDGE_CURVE('',#587,#586,#411,.T.);
#740=ORIENTED_EDGE('',*,*,#617,.T.);
#741=ORIENTED_EDGE('',*,*,#618,.T.);
#742=ORIENTED_EDGE('',*,*,#619,.T.);
#743=ORIENTED_EDGE('',*,*,#620,.T.);
#744=ORIENTED_EDGE('',*,*,#620,.F.);
#745=ORIENTED_EDGE('',*,*,#621,.F.);
#746=ORIENTED_EDGE('',*,*,#622,.F.);
#747=ORIENTED_EDGE('',*,*,#623,.F.);
#748=ORIENTED_EDGE('',*,*,#619,.F.);
#749=ORIENTED_EDGE('',*,*,#624,.T.);
#750=ORIENTED_EDGE('',*,*,#625,.F.);
#751=ORIENTED_EDGE('',*,*,#626,.T.);
#752=ORIENTED_EDGE('',*,*,#627,.F.);
#753=ORIENTED_EDGE('',*,*,#628,.T.);
#754=ORIENTED_EDGE('',*,*,#629,.F.);
#755=ORIENTED_EDGE('',*,*,#630,.T.);
#756=ORIENTED_EDGE('',*,*,#631,.F.);
#757=ORIENTED_EDGE('',*,*,#632,.F.);
#758=ORIENTED_EDGE('',*,*,#633,.F.);
#759=ORIENTED_EDGE('',*,*,#634,.F.);
#760=ORIENTED_EDGE('',*,*,#621,.T.);
#761=ORIENTED_EDGE('',*,*,#635,.T.);
#762=ORIENTED_EDGE('',*,*,#636,.T.);
#763=ORIENTED_EDGE('',*,*,#637,.T.);
#764=ORIENTED_EDGE('',*,*,#638,.T.);
#765=ORIENTED_EDGE('',*,*,#639,.T.);
#766=ORIENTED_EDGE('',*,*,#640,.T.);
#767=ORIENTED_EDGE('',*,*,#641,.T.);
#768=ORIENTED_EDGE('',*,*,#642,.T.);
#769=ORIENTED_EDGE('',*,*,#643,.T.);
#770=ORIENTED_EDGE('',*,*,#644,.T.);
#771=ORIENTED_EDGE('',*,*,#645,.T.);
#772=ORIENTED_EDGE('',*,*,#646,.T.);
#773=ORIENTED_EDGE('',*,*,#647,.T.);
#774=ORIENTED_EDGE('',*,*,#648,.T.);
#775=ORIENTED_EDGE('',*,*,#649,.T.);
#776=ORIENTED_EDGE('',*,*,#650,.T.);
#777=ORIENTED_EDGE('',*,*,#651,.T.);
#778=ORIENTED_EDGE('',*,*,#652,.T.);
#779=ORIENTED_EDGE('',*,*,#653,.T.);
#780=ORIENTED_EDGE('',*,*,#654,.T.);
#781=ORIENTED_EDGE('',*,*,#655,.T.);
#782=ORIENTED_EDGE('',*,*,#656,.T.);
#783=ORIENTED_EDGE('',*,*,#657,.T.);
#784=ORIENTED_EDGE('',*,*,#658,.T.);
#785=ORIENTED_EDGE('',*,*,#659,.T.);
#786=ORIENTED_EDGE('',*,*,#660,.T.);
#787=ORIENTED_EDGE('',*,*,#661,.T.);
#788=ORIENTED_EDGE('',*,*,#662,.T.);
#789=ORIENTED_EDGE('',*,*,#663,.T.);
#790=ORIENTED_EDGE('',*,*,#664,.T.);
#791=ORIENTED_EDGE('',*,*,#625,.T.);
#792=ORIENTED_EDGE('',*,*,#665,.T.);
#793=ORIENTED_EDGE('',*,*,#664,.F.);
#794=ORIENTED_EDGE('',*,*,#666,.F.);
#795=ORIENTED_EDGE('',*,*,#667,.F.);
#796=ORIENTED_EDGE('',*,*,#626,.F.);
#797=ORIENTED_EDGE('',*,*,#668,.T.);
#798=ORIENTED_EDGE('',*,*,#669,.T.);
#799=ORIENTED_EDGE('',*,*,#627,.T.);
#800=ORIENTED_EDGE('',*,*,#667,.T.);
#801=ORIENTED_EDGE('',*,*,#670,.T.);
#802=ORIENTED_EDGE('',*,*,#622,.T.);
#803=ORIENTED_EDGE('',*,*,#634,.T.);
#804=ORIENTED_EDGE('',*,*,#671,.T.);
#805=ORIENTED_EDGE('',*,*,#671,.F.);
#806=ORIENTED_EDGE('',*,*,#633,.T.);
#807=ORIENTED_EDGE('',*,*,#672,.T.);
#808=ORIENTED_EDGE('',*,*,#673,.F.);
#809=ORIENTED_EDGE('',*,*,#674,.T.);
#810=ORIENTED_EDGE('',*,*,#675,.T.);
#811=ORIENTED_EDGE('',*,*,#629,.T.);
#812=ORIENTED_EDGE('',*,*,#676,.T.);
#813=ORIENTED_EDGE('',*,*,#669,.F.);
#814=ORIENTED_EDGE('',*,*,#677,.F.);
#815=ORIENTED_EDGE('',*,*,#676,.F.);
#816=ORIENTED_EDGE('',*,*,#628,.F.);
#817=ORIENTED_EDGE('',*,*,#678,.T.);
#818=ORIENTED_EDGE('',*,*,#679,.T.);
#819=ORIENTED_EDGE('',*,*,#631,.T.);
#820=ORIENTED_EDGE('',*,*,#680,.T.);
#821=ORIENTED_EDGE('',*,*,#679,.F.);
#822=ORIENTED_EDGE('',*,*,#681,.F.);
#823=ORIENTED_EDGE('',*,*,#672,.F.);
#824=ORIENTED_EDGE('',*,*,#632,.T.);
#825=ORIENTED_EDGE('',*,*,#682,.F.);
#826=ORIENTED_EDGE('',*,*,#683,.T.);
#827=ORIENTED_EDGE('',*,*,#635,.F.);
#828=ORIENTED_EDGE('',*,*,#684,.F.);
#829=ORIENTED_EDGE('',*,*,#685,.F.);
#830=ORIENTED_EDGE('',*,*,#684,.T.);
#831=ORIENTED_EDGE('',*,*,#638,.F.);
#832=ORIENTED_EDGE('',*,*,#686,.F.);
#833=ORIENTED_EDGE('',*,*,#687,.F.);
#834=ORIENTED_EDGE('',*,*,#686,.T.);
#835=ORIENTED_EDGE('',*,*,#637,.F.);
#836=ORIENTED_EDGE('',*,*,#688,.F.);
#837=ORIENTED_EDGE('',*,*,#689,.F.);
#838=ORIENTED_EDGE('',*,*,#688,.T.);
#839=ORIENTED_EDGE('',*,*,#636,.F.);
#840=ORIENTED_EDGE('',*,*,#683,.F.);
#841=ORIENTED_EDGE('',*,*,#689,.T.);
#842=ORIENTED_EDGE('',*,*,#682,.T.);
#843=ORIENTED_EDGE('',*,*,#685,.T.);
#844=ORIENTED_EDGE('',*,*,#687,.T.);
#845=ORIENTED_EDGE('',*,*,#690,.F.);
#846=ORIENTED_EDGE('',*,*,#691,.T.);
#847=ORIENTED_EDGE('',*,*,#639,.F.);
#848=ORIENTED_EDGE('',*,*,#692,.F.);
#849=ORIENTED_EDGE('',*,*,#693,.F.);
#850=ORIENTED_EDGE('',*,*,#692,.T.);
#851=ORIENTED_EDGE('',*,*,#642,.F.);
#852=ORIENTED_EDGE('',*,*,#694,.F.);
#853=ORIENTED_EDGE('',*,*,#695,.F.);
#854=ORIENTED_EDGE('',*,*,#694,.T.);
#855=ORIENTED_EDGE('',*,*,#641,.F.);
#856=ORIENTED_EDGE('',*,*,#696,.F.);
#857=ORIENTED_EDGE('',*,*,#697,.F.);
#858=ORIENTED_EDGE('',*,*,#696,.T.);
#859=ORIENTED_EDGE('',*,*,#640,.F.);
#860=ORIENTED_EDGE('',*,*,#691,.F.);
#861=ORIENTED_EDGE('',*,*,#697,.T.);
#862=ORIENTED_EDGE('',*,*,#690,.T.);
#863=ORIENTED_EDGE('',*,*,#693,.T.);
#864=ORIENTED_EDGE('',*,*,#695,.T.);
#865=ORIENTED_EDGE('',*,*,#698,.F.);
#866=ORIENTED_EDGE('',*,*,#699,.T.);
#867=ORIENTED_EDGE('',*,*,#643,.F.);
#868=ORIENTED_EDGE('',*,*,#700,.F.);
#869=ORIENTED_EDGE('',*,*,#701,.F.);
#870=ORIENTED_EDGE('',*,*,#700,.T.);
#871=ORIENTED_EDGE('',*,*,#646,.F.);
#872=ORIENTED_EDGE('',*,*,#702,.F.);
#873=ORIENTED_EDGE('',*,*,#703,.F.);
#874=ORIENTED_EDGE('',*,*,#702,.T.);
#875=ORIENTED_EDGE('',*,*,#645,.F.);
#876=ORIENTED_EDGE('',*,*,#704,.F.);
#877=ORIENTED_EDGE('',*,*,#705,.F.);
#878=ORIENTED_EDGE('',*,*,#704,.T.);
#879=ORIENTED_EDGE('',*,*,#644,.F.);
#880=ORIENTED_EDGE('',*,*,#699,.F.);
#881=ORIENTED_EDGE('',*,*,#705,.T.);
#882=ORIENTED_EDGE('',*,*,#698,.T.);
#883=ORIENTED_EDGE('',*,*,#701,.T.);
#884=ORIENTED_EDGE('',*,*,#703,.T.);
#885=ORIENTED_EDGE('',*,*,#706,.F.);
#886=ORIENTED_EDGE('',*,*,#707,.T.);
#887=ORIENTED_EDGE('',*,*,#647,.F.);
#888=ORIENTED_EDGE('',*,*,#708,.F.);
#889=ORIENTED_EDGE('',*,*,#709,.F.);
#890=ORIENTED_EDGE('',*,*,#708,.T.);
#891=ORIENTED_EDGE('',*,*,#650,.F.);
#892=ORIENTED_EDGE('',*,*,#710,.F.);
#893=ORIENTED_EDGE('',*,*,#711,.F.);
#894=ORIENTED_EDGE('',*,*,#710,.T.);
#895=ORIENTED_EDGE('',*,*,#649,.F.);
#896=ORIENTED_EDGE('',*,*,#712,.F.);
#897=ORIENTED_EDGE('',*,*,#713,.T.);
#898=ORIENTED_EDGE('',*,*,#712,.T.);
#899=ORIENTED_EDGE('',*,*,#648,.F.);
#900=ORIENTED_EDGE('',*,*,#707,.F.);
#901=ORIENTED_EDGE('',*,*,#713,.F.);
#902=ORIENTED_EDGE('',*,*,#706,.T.);
#903=ORIENTED_EDGE('',*,*,#709,.T.);
#904=ORIENTED_EDGE('',*,*,#711,.T.);
#905=ORIENTED_EDGE('',*,*,#714,.F.);
#906=ORIENTED_EDGE('',*,*,#715,.T.);
#907=ORIENTED_EDGE('',*,*,#651,.F.);
#908=ORIENTED_EDGE('',*,*,#716,.F.);
#909=ORIENTED_EDGE('',*,*,#717,.F.);
#910=ORIENTED_EDGE('',*,*,#716,.T.);
#911=ORIENTED_EDGE('',*,*,#654,.F.);
#912=ORIENTED_EDGE('',*,*,#718,.F.);
#913=ORIENTED_EDGE('',*,*,#719,.F.);
#914=ORIENTED_EDGE('',*,*,#718,.T.);
#915=ORIENTED_EDGE('',*,*,#653,.F.);
#916=ORIENTED_EDGE('',*,*,#720,.F.);
#917=ORIENTED_EDGE('',*,*,#721,.F.);
#918=ORIENTED_EDGE('',*,*,#720,.T.);
#919=ORIENTED_EDGE('',*,*,#652,.F.);
#920=ORIENTED_EDGE('',*,*,#715,.F.);
#921=ORIENTED_EDGE('',*,*,#721,.T.);
#922=ORIENTED_EDGE('',*,*,#714,.T.);
#923=ORIENTED_EDGE('',*,*,#717,.T.);
#924=ORIENTED_EDGE('',*,*,#719,.T.);
#925=ORIENTED_EDGE('',*,*,#722,.F.);
#926=ORIENTED_EDGE('',*,*,#723,.T.);
#927=ORIENTED_EDGE('',*,*,#655,.F.);
#928=ORIENTED_EDGE('',*,*,#724,.F.);
#929=ORIENTED_EDGE('',*,*,#725,.F.);
#930=ORIENTED_EDGE('',*,*,#724,.T.);
#931=ORIENTED_EDGE('',*,*,#658,.F.);
#932=ORIENTED_EDGE('',*,*,#726,.F.);
#933=ORIENTED_EDGE('',*,*,#727,.F.);
#934=ORIENTED_EDGE('',*,*,#726,.T.);
#935=ORIENTED_EDGE('',*,*,#657,.F.);
#936=ORIENTED_EDGE('',*,*,#728,.F.);
#937=ORIENTED_EDGE('',*,*,#729,.F.);
#938=ORIENTED_EDGE('',*,*,#728,.T.);
#939=ORIENTED_EDGE('',*,*,#656,.F.);
#940=ORIENTED_EDGE('',*,*,#723,.F.);
#941=ORIENTED_EDGE('',*,*,#729,.T.);
#942=ORIENTED_EDGE('',*,*,#722,.T.);
#943=ORIENTED_EDGE('',*,*,#725,.T.);
#944=ORIENTED_EDGE('',*,*,#727,.T.);
#945=ORIENTED_EDGE('',*,*,#730,.F.);
#946=ORIENTED_EDGE('',*,*,#731,.T.);
#947=ORIENTED_EDGE('',*,*,#659,.F.);
#948=ORIENTED_EDGE('',*,*,#732,.F.);
#949=ORIENTED_EDGE('',*,*,#733,.F.);
#950=ORIENTED_EDGE('',*,*,#732,.T.);
#951=ORIENTED_EDGE('',*,*,#662,.F.);
#952=ORIENTED_EDGE('',*,*,#734,.F.);
#953=ORIENTED_EDGE('',*,*,#735,.T.);
#954=ORIENTED_EDGE('',*,*,#734,.T.);
#955=ORIENTED_EDGE('',*,*,#661,.F.);
#956=ORIENTED_EDGE('',*,*,#736,.F.);
#957=ORIENTED_EDGE('',*,*,#737,.T.);
#958=ORIENTED_EDGE('',*,*,#736,.T.);
#959=ORIENTED_EDGE('',*,*,#660,.F.);
#960=ORIENTED_EDGE('',*,*,#731,.F.);
#961=ORIENTED_EDGE('',*,*,#737,.F.);
#962=ORIENTED_EDGE('',*,*,#730,.T.);
#963=ORIENTED_EDGE('',*,*,#733,.T.);
#964=ORIENTED_EDGE('',*,*,#735,.F.);
#965=ORIENTED_EDGE('',*,*,#618,.F.);
#966=ORIENTED_EDGE('',*,*,#738,.F.);
#967=ORIENTED_EDGE('',*,*,#665,.F.);
#968=ORIENTED_EDGE('',*,*,#624,.F.);
#969=ORIENTED_EDGE('',*,*,#675,.F.);
#970=ORIENTED_EDGE('',*,*,#739,.F.);
#971=ORIENTED_EDGE('',*,*,#680,.F.);
#972=ORIENTED_EDGE('',*,*,#630,.F.);
#973=ORIENTED_EDGE('',*,*,#617,.F.);
#974=ORIENTED_EDGE('',*,*,#623,.T.);
#975=ORIENTED_EDGE('',*,*,#670,.F.);
#976=ORIENTED_EDGE('',*,*,#673,.T.);
#977=ORIENTED_EDGE('',*,*,#681,.T.);
#978=ORIENTED_EDGE('',*,*,#678,.F.);
#979=ORIENTED_EDGE('',*,*,#739,.T.);
#980=ORIENTED_EDGE('',*,*,#674,.F.);
#981=ORIENTED_EDGE('',*,*,#677,.T.);
#982=ORIENTED_EDGE('',*,*,#668,.F.);
#983=ORIENTED_EDGE('',*,*,#666,.T.);
#984=ORIENTED_EDGE('',*,*,#663,.F.);
#985=ORIENTED_EDGE('',*,*,#738,.T.);
#986=CYLINDRICAL_SURFACE('',#1213,1.);
#987=CYLINDRICAL_SURFACE('',#1223,1.);
#988=CYLINDRICAL_SURFACE('',#1226,1.);
#989=CYLINDRICAL_SURFACE('',#1228,1.);
#990=CYLINDRICAL_SURFACE('',#1231,1.);
#991=CYLINDRICAL_SURFACE('',#1234,1.);
#992=ADVANCED_FACE('',(#194),#986,.T.);
#993=ADVANCED_FACE('',(#195),#150,.T.);
#994=ADVANCED_FACE('',(#196,#143,#144,#145,#146,#147,#148,#149),#151,.F.);
#995=ADVANCED_FACE('',(#197),#987,.T.);
#996=ADVANCED_FACE('',(#198),#152,.T.);
#997=ADVANCED_FACE('',(#199),#988,.T.);
#998=ADVANCED_FACE('',(#200),#989,.T.);
#999=ADVANCED_FACE('',(#201),#153,.T.);
#1000=ADVANCED_FACE('',(#202),#990,.T.);
#1001=ADVANCED_FACE('',(#203),#154,.T.);
#1002=ADVANCED_FACE('',(#204),#991,.T.);
#1003=ADVANCED_FACE('',(#205),#155,.T.);
#1004=ADVANCED_FACE('',(#206),#156,.T.);
#1005=ADVANCED_FACE('',(#207),#157,.T.);
#1006=ADVANCED_FACE('',(#208),#158,.T.);
#1007=ADVANCED_FACE('',(#209),#159,.T.);
#1008=ADVANCED_FACE('',(#210),#160,.F.);
#1009=ADVANCED_FACE('',(#211),#161,.T.);
#1010=ADVANCED_FACE('',(#212),#162,.T.);
#1011=ADVANCED_FACE('',(#213),#163,.T.);
#1012=ADVANCED_FACE('',(#214),#164,.T.);
#1013=ADVANCED_FACE('',(#215),#165,.F.);
#1014=ADVANCED_FACE('',(#216),#166,.T.);
#1015=ADVANCED_FACE('',(#217),#167,.T.);
#1016=ADVANCED_FACE('',(#218),#168,.T.);
#1017=ADVANCED_FACE('',(#219),#169,.T.);
#1018=ADVANCED_FACE('',(#220),#170,.F.);
#1019=ADVANCED_FACE('',(#221),#171,.T.);
#1020=ADVANCED_FACE('',(#222),#172,.T.);
#1021=ADVANCED_FACE('',(#223),#173,.T.);
#1022=ADVANCED_FACE('',(#224),#174,.T.);
#1023=ADVANCED_FACE('',(#225),#175,.F.);
#1024=ADVANCED_FACE('',(#226),#176,.T.);
#1025=ADVANCED_FACE('',(#227),#177,.T.);
#1026=ADVANCED_FACE('',(#228),#178,.T.);
#1027=ADVANCED_FACE('',(#229),#179,.T.);
#1028=ADVANCED_FACE('',(#230),#180,.F.);
#1029=ADVANCED_FACE('',(#231),#181,.T.);
#1030=ADVANCED_FACE('',(#232),#182,.T.);
#1031=ADVANCED_FACE('',(#233),#183,.T.);
#1032=ADVANCED_FACE('',(#234),#184,.T.);
#1033=ADVANCED_FACE('',(#235),#185,.F.);
#1034=ADVANCED_FACE('',(#236),#186,.T.);
#1035=ADVANCED_FACE('',(#237),#187,.T.);
#1036=ADVANCED_FACE('',(#238),#188,.T.);
#1037=ADVANCED_FACE('',(#239),#189,.T.);
#1038=ADVANCED_FACE('',(#240),#190,.F.);
#1039=ADVANCED_FACE('',(#241),#191,.T.);
#1040=ADVANCED_FACE('',(#242),#192,.T.);
#1041=ADVANCED_FACE('',(#243),#193,.T.);
#1042=CLOSED_SHELL('',(#992,#993,#994,#995,#996,#997,#998,#999,#1000,#1001,
#1002,#1003,#1004,#1005,#1006,#1007,#1008,#1009,#1010,#1011,#1012,#1013,
#1014,#1015,#1016,#1017,#1018,#1019,#1020,#1021,#1022,#1023,#1024,#1025,
#1026,#1027,#1028,#1029,#1030,#1031,#1032,#1033,#1034,#1035,#1036,#1037,
#1038,#1039,#1040,#1041));
#1043=DERIVED_UNIT_ELEMENT(#1071,1.);
#1044=DERIVED_UNIT_ELEMENT(#1971,-3.);
#1045=DERIVED_UNIT_ELEMENT(#1071,1.);
#1046=DERIVED_UNIT_ELEMENT(#1971,-3.);
#1047=DERIVED_UNIT_ELEMENT(#1071,1.);
#1048=DERIVED_UNIT_ELEMENT(#1971,-3.);
#1049=DERIVED_UNIT_ELEMENT(#1071,1.);
#1050=DERIVED_UNIT_ELEMENT(#1971,-3.);
#1051=DERIVED_UNIT_ELEMENT(#1071,1.);
#1052=DERIVED_UNIT_ELEMENT(#1971,-3.);
#1053=DERIVED_UNIT_ELEMENT(#1071,1.);
#1054=DERIVED_UNIT_ELEMENT(#1971,-3.);
#1055=DERIVED_UNIT_ELEMENT(#1071,1.);
#1056=DERIVED_UNIT_ELEMENT(#1971,-3.);
#1057=DERIVED_UNIT_ELEMENT(#1071,1.);
#1058=DERIVED_UNIT_ELEMENT(#1971,-3.);
#1059=DERIVED_UNIT_ELEMENT(#1071,1.);
#1060=DERIVED_UNIT_ELEMENT(#1971,-3.);
#1061=DERIVED_UNIT_ELEMENT(#1071,1.);
#1062=DERIVED_UNIT_ELEMENT(#1971,-3.);
#1063=DERIVED_UNIT_ELEMENT(#1071,1.);
#1064=DERIVED_UNIT_ELEMENT(#1971,-3.);
#1065=DERIVED_UNIT_ELEMENT(#1071,1.);
#1066=DERIVED_UNIT_ELEMENT(#1971,-3.);
#1067=DERIVED_UNIT_ELEMENT(#1071,1.);
#1068=DERIVED_UNIT_ELEMENT(#1971,-3.);
#1069=DERIVED_UNIT_ELEMENT(#1071,1.);
#1070=DERIVED_UNIT_ELEMENT(#1971,-3.);
#1071=(
MASS_UNIT()
NAMED_UNIT(*)
SI_UNIT(.KILO.,.GRAM.)
);
#1072=DERIVED_UNIT((#1043,#1044));
#1073=DERIVED_UNIT((#1045,#1046));
#1074=DERIVED_UNIT((#1047,#1048));
#1075=DERIVED_UNIT((#1049,#1050));
#1076=DERIVED_UNIT((#1051,#1052));
#1077=DERIVED_UNIT((#1053,#1054));
#1078=DERIVED_UNIT((#1055,#1056));
#1079=DERIVED_UNIT((#1057,#1058));
#1080=DERIVED_UNIT((#1059,#1060));
#1081=DERIVED_UNIT((#1061,#1062));
#1082=DERIVED_UNIT((#1063,#1064));
#1083=DERIVED_UNIT((#1065,#1066));
#1084=DERIVED_UNIT((#1067,#1068));
#1085=DERIVED_UNIT((#1069,#1070));
#1086=MEASURE_REPRESENTATION_ITEM('density measure',
POSITIVE_RATIO_MEASURE(7850.),#1072);
#1087=MEASURE_REPRESENTATION_ITEM('density measure',
POSITIVE_RATIO_MEASURE(7850.),#1073);
#1088=MEASURE_REPRESENTATION_ITEM('density measure',
POSITIVE_RATIO_MEASURE(7.85),#1074);
#1089=MEASURE_REPRESENTATION_ITEM('density measure',
POSITIVE_RATIO_MEASURE(7850.),#1075);
#1090=MEASURE_REPRESENTATION_ITEM('density measure',
POSITIVE_RATIO_MEASURE(7850.),#1076);
#1091=MEASURE_REPRESENTATION_ITEM('density measure',
POSITIVE_RATIO_MEASURE(7850.),#1077);
#1092=MEASURE_REPRESENTATION_ITEM('density measure',
POSITIVE_RATIO_MEASURE(7850.),#1078);
#1093=MEASURE_REPRESENTATION_ITEM('density measure',
POSITIVE_RATIO_MEASURE(7850.),#1079);
#1094=MEASURE_REPRESENTATION_ITEM('density measure',
POSITIVE_RATIO_MEASURE(7850.),#1080);
#1095=MEASURE_REPRESENTATION_ITEM('density measure',
POSITIVE_RATIO_MEASURE(7850.),#1081);
#1096=MEASURE_REPRESENTATION_ITEM('density measure',
POSITIVE_RATIO_MEASURE(7850.),#1082);
#1097=MEASURE_REPRESENTATION_ITEM('density measure',
POSITIVE_RATIO_MEASURE(7850.),#1083);
#1098=MEASURE_REPRESENTATION_ITEM('density measure',
POSITIVE_RATIO_MEASURE(7850.),#1084);
#1099=MEASURE_REPRESENTATION_ITEM('density measure',
POSITIVE_RATIO_MEASURE(7850.),#1085);
#1100=PROPERTY_DEFINITION_REPRESENTATION(#1170,#1128);
#1101=PROPERTY_DEFINITION_REPRESENTATION(#1171,#1129);
#1102=PROPERTY_DEFINITION_REPRESENTATION(#1172,#1130);
#1103=PROPERTY_DEFINITION_REPRESENTATION(#1173,#1131);
#1104=PROPERTY_DEFINITION_REPRESENTATION(#1174,#1132);
#1105=PROPERTY_DEFINITION_REPRESENTATION(#1175,#1133);
#1106=PROPERTY_DEFINITION_REPRESENTATION(#1176,#1134);
#1107=PROPERTY_DEFINITION_REPRESENTATION(#1177,#1135);
#1108=PROPERTY_DEFINITION_REPRESENTATION(#1178,#1136);
#1109=PROPERTY_DEFINITION_REPRESENTATION(#1179,#1137);
#1110=PROPERTY_DEFINITION_REPRESENTATION(#1180,#1138);
#1111=PROPERTY_DEFINITION_REPRESENTATION(#1181,#1139);
#1112=PROPERTY_DEFINITION_REPRESENTATION(#1182,#1140);
#1113=PROPERTY_DEFINITION_REPRESENTATION(#1183,#1141);
#1114=PROPERTY_DEFINITION_REPRESENTATION(#1184,#1142);
#1115=PROPERTY_DEFINITION_REPRESENTATION(#1185,#1143);
#1116=PROPERTY_DEFINITION_REPRESENTATION(#1186,#1144);
#1117=PROPERTY_DEFINITION_REPRESENTATION(#1187,#1145);
#1118=PROPERTY_DEFINITION_REPRESENTATION(#1188,#1146);
#1119=PROPERTY_DEFINITION_REPRESENTATION(#1189,#1147);
#1120=PROPERTY_DEFINITION_REPRESENTATION(#1190,#1148);
#1121=PROPERTY_DEFINITION_REPRESENTATION(#1191,#1149);
#1122=PROPERTY_DEFINITION_REPRESENTATION(#1192,#1150);
#1123=PROPERTY_DEFINITION_REPRESENTATION(#1193,#1151);
#1124=PROPERTY_DEFINITION_REPRESENTATION(#1194,#1152);
#1125=PROPERTY_DEFINITION_REPRESENTATION(#1195,#1153);
#1126=PROPERTY_DEFINITION_REPRESENTATION(#1196,#1154);
#1127=PROPERTY_DEFINITION_REPRESENTATION(#1197,#1155);
#1128=REPRESENTATION('material name',(#1156),#1955);
#1129=REPRESENTATION('density',(#1086),#1955);
#1130=REPRESENTATION('material name',(#1157),#1956);
#1131=REPRESENTATION('density',(#1087),#1956);
#1132=REPRESENTATION('material name',(#1158),#1957);
#1133=REPRESENTATION('density',(#1088),#1957);
#1134=REPRESENTATION('material name',(#1159),#1958);
#1135=REPRESENTATION('density',(#1089),#1958);
#1136=REPRESENTATION('material name',(#1160),#1959);
#1137=REPRESENTATION('density',(#1090),#1959);
#1138=REPRESENTATION('material name',(#1161),#1960);
#1139=REPRESENTATION('density',(#1091),#1960);
#1140=REPRESENTATION('material name',(#1162),#1961);
#1141=REPRESENTATION('density',(#1092),#1961);
#1142=REPRESENTATION('material name',(#1163),#1962);
#1143=REPRESENTATION('density',(#1093),#1962);
#1144=REPRESENTATION('material name',(#1164),#1963);
#1145=REPRESENTATION('density',(#1094),#1963);
#1146=REPRESENTATION('material name',(#1165),#1964);
#1147=REPRESENTATION('density',(#1095),#1964);
#1148=REPRESENTATION('material name',(#1166),#1965);
#1149=REPRESENTATION('density',(#1096),#1965);
#1150=REPRESENTATION('material name',(#1167),#1966);
#1151=REPRESENTATION('density',(#1097),#1966);
#1152=REPRESENTATION('material name',(#1168),#1967);
#1153=REPRESENTATION('density',(#1098),#1967);
#1154=REPRESENTATION('material name',(#1169),#1968);
#1155=REPRESENTATION('density',(#1099),#1968);
#1156=DESCRIPTIVE_REPRESENTATION_ITEM('Steel','Steel');
#1157=DESCRIPTIVE_REPRESENTATION_ITEM('Steel','Steel');
#1158=DESCRIPTIVE_REPRESENTATION_ITEM('Steel','Steel');
#1159=DESCRIPTIVE_REPRESENTATION_ITEM('Steel','Steel');
#1160=DESCRIPTIVE_REPRESENTATION_ITEM('Steel','Steel');
#1161=DESCRIPTIVE_REPRESENTATION_ITEM('Steel','Steel');
#1162=DESCRIPTIVE_REPRESENTATION_ITEM('Steel','Steel');
#1163=DESCRIPTIVE_REPRESENTATION_ITEM('Steel','Steel');
#1164=DESCRIPTIVE_REPRESENTATION_ITEM('Steel','Steel');
#1165=DESCRIPTIVE_REPRESENTATION_ITEM('Steel','Steel');
#1166=DESCRIPTIVE_REPRESENTATION_ITEM('Steel','Steel');
#1167=DESCRIPTIVE_REPRESENTATION_ITEM('Steel','Steel');
#1168=DESCRIPTIVE_REPRESENTATION_ITEM('Steel','Steel');
#1169=DESCRIPTIVE_REPRESENTATION_ITEM('Steel','Steel');
#1170=PROPERTY_DEFINITION('material property','material name',#2053);
#1171=PROPERTY_DEFINITION('material property','density of part',#2053);
#1172=PROPERTY_DEFINITION('material property','material name',#2054);
#1173=PROPERTY_DEFINITION('material property','density of part',#2054);
#1174=PROPERTY_DEFINITION('material property','material name',#2055);
#1175=PROPERTY_DEFINITION('material property','density of part',#2055);
#1176=PROPERTY_DEFINITION('material property','material name',#2056);
#1177=PROPERTY_DEFINITION('material property','density of part',#2056);
#1178=PROPERTY_DEFINITION('material property','material name',#2057);
#1179=PROPERTY_DEFINITION('material property','density of part',#2057);
#1180=PROPERTY_DEFINITION('material property','material name',#2058);
#1181=PROPERTY_DEFINITION('material property','density of part',#2058);
#1182=PROPERTY_DEFINITION('material property','material name',#2059);
#1183=PROPERTY_DEFINITION('material property','density of part',#2059);
#1184=PROPERTY_DEFINITION('material property','material name',#2060);
#1185=PROPERTY_DEFINITION('material property','density of part',#2060);
#1186=PROPERTY_DEFINITION('material property','material name',#2061);
#1187=PROPERTY_DEFINITION('material property','density of part',#2061);
#1188=PROPERTY_DEFINITION('material property','material name',#2062);
#1189=PROPERTY_DEFINITION('material property','density of part',#2062);
#1190=PROPERTY_DEFINITION('material property','material name',#2063);
#1191=PROPERTY_DEFINITION('material property','density of part',#2063);
#1192=PROPERTY_DEFINITION('material property','material name',#2064);
#1193=PROPERTY_DEFINITION('material property','density of part',#2064);
#1194=PROPERTY_DEFINITION('material property','material name',#2065);
#1195=PROPERTY_DEFINITION('material property','density of part',#2065);
#1196=PROPERTY_DEFINITION('material property','material name',#2066);
#1197=PROPERTY_DEFINITION('material property','density of part',#2066);
#1198=AXIS2_PLACEMENT_3D('',#1636,#1307,#1308);
#1199=AXIS2_PLACEMENT_3D('',#1637,#1309,#1310);
#1200=AXIS2_PLACEMENT_3D('',#1638,#1311,#1312);
#1201=AXIS2_PLACEMENT_3D('',#1639,#1313,#1314);
#1202=AXIS2_PLACEMENT_3D('',#1640,#1315,#1316);
#1203=AXIS2_PLACEMENT_3D('',#1641,#1317,#1318);
#1204=AXIS2_PLACEMENT_3D('',#1642,#1319,#1320);
#1205=AXIS2_PLACEMENT_3D('',#1643,#1321,#1322);
#1206=AXIS2_PLACEMENT_3D('',#1644,#1323,#1324);
#1207=AXIS2_PLACEMENT_3D('',#1645,#1325,#1326);
#1208=AXIS2_PLACEMENT_3D('',#1646,#1327,#1328);
#1209=AXIS2_PLACEMENT_3D('',#1647,#1329,#1330);
#1210=AXIS2_PLACEMENT_3D('',#1648,#1331,#1332);
#1211=AXIS2_PLACEMENT_3D('',#1649,#1333,#1334);
#1212=AXIS2_PLACEMENT_3D('',#1650,#1335,#1336);
#1213=AXIS2_PLACEMENT_3D('',#1651,#1337,#1338);
#1214=AXIS2_PLACEMENT_3D('',#1654,#1339,#1340);
#1215=AXIS2_PLACEMENT_3D('',#1658,#1342,#1343);
#1216=AXIS2_PLACEMENT_3D('',#1660,#1345,#1346);
#1217=AXIS2_PLACEMENT_3D('',#1666,#1350,#1351);
#1218=AXIS2_PLACEMENT_3D('',#1670,#1353,#1354);
#1219=AXIS2_PLACEMENT_3D('',#1674,#1356,#1357);
#1220=AXIS2_PLACEMENT_3D('',#1678,#1359,#1360);
#1221=AXIS2_PLACEMENT_3D('',#1682,#1362,#1363);
#1222=AXIS2_PLACEMENT_3D('',#1687,#1366,#1367);
#1223=AXIS2_PLACEMENT_3D('',#1744,#1396,#1397);
#1224=AXIS2_PLACEMENT_3D('',#1747,#1398,#1399);
#1225=AXIS2_PLACEMENT_3D('',#1750,#1402,#1403);
#1226=AXIS2_PLACEMENT_3D('',#1754,#1406,#1407);
#1227=AXIS2_PLACEMENT_3D('',#1756,#1408,#1409);
#1228=AXIS2_PLACEMENT_3D('',#1758,#1411,#1412);
#1229=AXIS2_PLACEMENT_3D('',#1760,#1413,#1414);
#1230=AXIS2_PLACEMENT_3D('',#1762,#1416,#1417);
#1231=AXIS2_PLACEMENT_3D('',#1766,#1420,#1421);
#1232=AXIS2_PLACEMENT_3D('',#1769,#1422,#1423);
#1233=AXIS2_PLACEMENT_3D('',#1772,#1426,#1427);
#1234=AXIS2_PLACEMENT_3D('',#1774,#1429,#1430);
#1235=AXIS2_PLACEMENT_3D('',#1777,#1431,#1432);
#1236=AXIS2_PLACEMENT_3D('',#1780,#1435,#1436);
#1237=AXIS2_PLACEMENT_3D('',#1782,#1438,#1439);
#1238=AXIS2_PLACEMENT_3D('',#1788,#1443,#1444);
#1239=AXIS2_PLACEMENT_3D('',#1792,#1447,#1448);
#1240=AXIS2_PLACEMENT_3D('',#1796,#1451,#1452);
#1241=AXIS2_PLACEMENT_3D('',#1798,#1454,#1455);
#1242=AXIS2_PLACEMENT_3D('',#1799,#1456,#1457);
#1243=AXIS2_PLACEMENT_3D('',#1805,#1461,#1462);
#1244=AXIS2_PLACEMENT_3D('',#1809,#1465,#1466);
#1245=AXIS2_PLACEMENT_3D('',#1813,#1469,#1470);
#1246=AXIS2_PLACEMENT_3D('',#1815,#1472,#1473);
#1247=AXIS2_PLACEMENT_3D('',#1816,#1474,#1475);
#1248=AXIS2_PLACEMENT_3D('',#1822,#1479,#1480);
#1249=AXIS2_PLACEMENT_3D('',#1826,#1483,#1484);
#1250=AXIS2_PLACEMENT_3D('',#1830,#1487,#1488);
#1251=AXIS2_PLACEMENT_3D('',#1832,#1490,#1491);
#1252=AXIS2_PLACEMENT_3D('',#1833,#1492,#1493);
#1253=AXIS2_PLACEMENT_3D('',#1839,#1497,#1498);
#1254=AXIS2_PLACEMENT_3D('',#1843,#1501,#1502);
#1255=AXIS2_PLACEMENT_3D('',#1847,#1505,#1506);
#1256=AXIS2_PLACEMENT_3D('',#1849,#1508,#1509);
#1257=AXIS2_PLACEMENT_3D('',#1850,#1510,#1511);
#1258=AXIS2_PLACEMENT_3D('',#1856,#1515,#1516);
#1259=AXIS2_PLACEMENT_3D('',#1860,#1519,#1520);
#1260=AXIS2_PLACEMENT_3D('',#1864,#1523,#1524);
#1261=AXIS2_PLACEMENT_3D('',#1866,#1526,#1527);
#1262=AXIS2_PLACEMENT_3D('',#1867,#1528,#1529);
#1263=AXIS2_PLACEMENT_3D('',#1873,#1533,#1534);
#1264=AXIS2_PLACEMENT_3D('',#1877,#1537,#1538);
#1265=AXIS2_PLACEMENT_3D('',#1881,#1541,#1542);
#1266=AXIS2_PLACEMENT_3D('',#1883,#1544,#1545);
#1267=AXIS2_PLACEMENT_3D('',#1884,#1546,#1547);
#1268=AXIS2_PLACEMENT_3D('',#1890,#1551,#1552);
#1269=AXIS2_PLACEMENT_3D('',#1894,#1555,#1556);
#1270=AXIS2_PLACEMENT_3D('',#1898,#1559,#1560);
#1271=AXIS2_PLACEMENT_3D('',#1900,#1562,#1563);
#1272=AXIS2_PLACEMENT_3D('',#1901,#1564,#1565);
#1273=AXIS2_PLACEMENT_3D('',#1903,#1567,#1568);
#1274=AXIS2_PLACEMENT_3D('',#1905,#1570,#1571);
#1275=AXIS2_PLACEMENT_3D('',#1906,#1572,#1573);
#1276=AXIS2_PLACEMENT_3D('',#1907,#1574,#1575);
#1277=AXIS2_PLACEMENT_3D('',#1908,#1576,#1577);
#1278=AXIS2_PLACEMENT_3D('',#1909,#1578,#1579);
#1279=AXIS2_PLACEMENT_3D('',#1910,#1580,#1581);
#1280=AXIS2_PLACEMENT_3D('',#1911,#1582,#1583);
#1281=AXIS2_PLACEMENT_3D('',#1912,#1584,#1585);
#1282=AXIS2_PLACEMENT_3D('',#1913,#1586,#1587);
#1283=AXIS2_PLACEMENT_3D('',#1914,#1588,#1589);
#1284=AXIS2_PLACEMENT_3D('',#1915,#1590,#1591);
#1285=AXIS2_PLACEMENT_3D('',#1916,#1592,#1593);
#1286=AXIS2_PLACEMENT_3D('',#1917,#1594,#1595);
#1287=AXIS2_PLACEMENT_3D('',#1918,#1596,#1597);
#1288=AXIS2_PLACEMENT_3D('',#1919,#1598,#1599);
#1289=AXIS2_PLACEMENT_3D('',#1920,#1600,#1601);
#1290=AXIS2_PLACEMENT_3D('',#1921,#1602,#1603);
#1291=AXIS2_PLACEMENT_3D('',#1922,#1604,#1605);
#1292=AXIS2_PLACEMENT_3D('',#1923,#1606,#1607);
#1293=AXIS2_PLACEMENT_3D('',#1924,#1608,#1609);
#1294=AXIS2_PLACEMENT_3D('',#1925,#1610,#1611);
#1295=AXIS2_PLACEMENT_3D('',#1926,#1612,#1613);
#1296=AXIS2_PLACEMENT_3D('',#1927,#1614,#1615);
#1297=AXIS2_PLACEMENT_3D('',#1928,#1616,#1617);
#1298=AXIS2_PLACEMENT_3D('',#1929,#1618,#1619);
#1299=AXIS2_PLACEMENT_3D('',#1930,#1620,#1621);
#1300=AXIS2_PLACEMENT_3D('',#1931,#1622,#1623);
#1301=AXIS2_PLACEMENT_3D('',#1932,#1624,#1625);
#1302=AXIS2_PLACEMENT_3D('',#1933,#1626,#1627);
#1303=AXIS2_PLACEMENT_3D('',#1934,#1628,#1629);
#1304=AXIS2_PLACEMENT_3D('',#1935,#1630,#1631);
#1305=AXIS2_PLACEMENT_3D('',#1936,#1632,#1633);
#1306=AXIS2_PLACEMENT_3D('',#1937,#1634,#1635);
#1307=DIRECTION('axis',(0.,0.,1.));
#1308=DIRECTION('refdir',(1.,0.,0.));
#1309=DIRECTION('axis',(0.,0.,1.));
#1310=DIRECTION('refdir',(1.,0.,0.));
#1311=DIRECTION('axis',(0.,0.,1.));
#1312=DIRECTION('refdir',(1.,0.,0.));
#1313=DIRECTION('axis',(0.,0.,1.));
#1314=DIRECTION('refdir',(1.,0.,0.));
#1315=DIRECTION('axis',(0.,0.,1.));
#1316=DIRECTION('refdir',(1.,0.,0.));
#1317=DIRECTION('axis',(0.,0.,1.));
#1318=DIRECTION('refdir',(1.,0.,0.));
#1319=DIRECTION('axis',(0.,0.,1.));
#1320=DIRECTION('refdir',(1.,0.,0.));
#1321=DIRECTION('axis',(0.,0.,1.));
#1322=DIRECTION('refdir',(1.,0.,0.));
#1323=DIRECTION('axis',(0.,0.,1.));
#1324=DIRECTION('refdir',(1.,0.,0.));
#1325=DIRECTION('axis',(0.,0.,1.));
#1326=DIRECTION('refdir',(1.,0.,0.));
#1327=DIRECTION('axis',(0.,0.,1.));
#1328=DIRECTION('refdir',(1.,0.,0.));
#1329=DIRECTION('axis',(0.,0.,1.));
#1330=DIRECTION('refdir',(1.,0.,0.));
#1331=DIRECTION('axis',(0.,0.,1.));
#1332=DIRECTION('refdir',(1.,0.,0.));
#1333=DIRECTION('axis',(0.,0.,1.));
#1334=DIRECTION('refdir',(1.,0.,0.));
#1335=DIRECTION('axis',(0.,0.,1.));
#1336=DIRECTION('refdir',(1.,0.,0.));
#1337=DIRECTION('center_axis',(0.,0.,1.));
#1338=DIRECTION('ref_axis',(0.70710678118656,0.707106781186535,0.));
#1339=DIRECTION('center_axis',(0.,0.,-1.));
#1340=DIRECTION('ref_axis',(0.70710678118656,0.707106781186535,0.));
#1341=DIRECTION('',(0.,0.,-1.));
#1342=DIRECTION('center_axis',(0.,0.,1.));
#1343=DIRECTION('ref_axis',(0.70710678118656,0.707106781186535,0.));
#1344=DIRECTION('',(0.,0.,1.));
#1345=DIRECTION('center_axis',(0.,1.,0.));
#1346=DIRECTION('ref_axis',(-1.,0.,0.));
#1347=DIRECTION('',(1.,0.,0.));
#1348=DIRECTION('',(0.,0.,-1.));
#1349=DIRECTION('',(-1.,0.,0.));
#1350=DIRECTION('center_axis',(0.,0.,1.));
#1351=DIRECTION('ref_axis',(1.,0.,0.));
#1352=DIRECTION('',(0.,-1.,0.));
#1353=DIRECTION('center_axis',(0.,0.,1.));
#1354=DIRECTION('ref_axis',(0.866011315037533,-0.500024401631524,0.));
#1355=DIRECTION('',(-0.866053579215544,-0.49995119554607,0.));
#1356=DIRECTION('center_axis',(0.,0.,1.));
#1357=DIRECTION('ref_axis',(0.258791828294896,-0.965933118599722,0.));
#1358=DIRECTION('',(-1.,0.,0.));
#1359=DIRECTION('center_axis',(0.,0.,1.));
#1360=DIRECTION('ref_axis',(-0.258873783498088,-0.965911157517805,0.));
#1361=DIRECTION('',(-0.86596872843477,0.500098151739303,0.));
#1362=DIRECTION('center_axis',(0.,0.,1.));
#1363=DIRECTION('ref_axis',(-0.866117363674347,-0.499840686961154,0.));
#1364=DIRECTION('',(-0.000254558592085935,-0.999999967599961,0.));
#1365=DIRECTION('',(-0.000254563334238408,-0.999999967598754,0.));
#1366=DIRECTION('center_axis',(0.,0.,1.));
#1367=DIRECTION('ref_axis',(-0.7070167737281,0.707196777189424,0.));
#1368=DIRECTION('',(0.,1.,0.));
#1369=DIRECTION('',(-1.,0.,0.));
#1370=DIRECTION('',(0.,-1.,0.));
#1371=DIRECTION('',(1.,0.,0.));
#1372=DIRECTION('',(0.,1.,0.));
#1373=DIRECTION('',(-1.,0.,0.));
#1374=DIRECTION('',(0.,-1.,0.));
#1375=DIRECTION('',(1.,0.,0.));
#1376=DIRECTION('',(0.,-1.,0.));
#1377=DIRECTION('',(1.,0.,0.));
#1378=DIRECTION('',(0.,1.,0.));
#1379=DIRECTION('',(-1.,0.,0.));
#1380=DIRECTION('',(-0.499999999999997,-0.86602540378444,0.));
#1381=DIRECTION('',(0.866025403784441,-0.499999999999996,0.));
#1382=DIRECTION('',(0.499999999999991,0.866025403784444,0.));
#1383=DIRECTION('',(-0.86602540378444,0.499999999999997,0.));
#1384=DIRECTION('',(0.,-1.,0.));
#1385=DIRECTION('',(1.,0.,0.));
#1386=DIRECTION('',(0.,1.,0.));
#1387=DIRECTION('',(-1.,0.,0.));
#1388=DIRECTION('',(0.,-1.,0.));
#1389=DIRECTION('',(1.,0.,0.));
#1390=DIRECTION('',(0.,1.,0.));
#1391=DIRECTION('',(-1.,0.,0.));
#1392=DIRECTION('',(-0.499999999999999,0.866025403784439,0.));
#1393=DIRECTION('',(-0.866025403784439,-0.499999999999999,0.));
#1394=DIRECTION('',(0.499999999999996,-0.866025403784441,0.));
#1395=DIRECTION('',(0.866025403784439,0.5,0.));
#1396=DIRECTION('center_axis',(0.,0.,1.));
#1397=DIRECTION('ref_axis',(0.866011315037533,-0.500024401631524,0.));
#1398=DIRECTION('center_axis',(0.,0.,-1.));
#1399=DIRECTION('ref_axis',(0.866011315037533,-0.500024401631524,0.));
#1400=DIRECTION('',(0.,0.,-1.));
#1401=DIRECTION('',(0.,0.,1.));
#1402=DIRECTION('center_axis',(0.49995119554607,-0.866053579215544,0.));
#1403=DIRECTION('ref_axis',(0.866053579215544,0.49995119554607,0.));
#1404=DIRECTION('',(0.866053579215544,0.49995119554607,0.));
#1405=DIRECTION('',(0.,0.,1.));
#1406=DIRECTION('center_axis',(0.,0.,1.));
#1407=DIRECTION('ref_axis',(0.258791828294896,-0.965933118599722,0.));
#1408=DIRECTION('center_axis',(0.,0.,-1.));
#1409=DIRECTION('ref_axis',(0.258791828294896,-0.965933118599722,0.));
#1410=DIRECTION('',(0.,0.,-1.));
#1411=DIRECTION('center_axis',(0.,0.,1.));
#1412=DIRECTION('ref_axis',(-0.7070167737281,0.707196777189424,0.));
#1413=DIRECTION('center_axis',(0.,0.,-1.));
#1414=DIRECTION('ref_axis',(-0.7070167737281,0.707196777189424,0.));
#1415=DIRECTION('',(0.,0.,1.));
#1416=DIRECTION('center_axis',(-0.999999967598754,0.000254563334238408,
0.));
#1417=DIRECTION('ref_axis',(-0.000254563334238408,-0.999999967598754,0.));
#1418=DIRECTION('',(0.,0.,1.));
#1419=DIRECTION('',(-0.000254563334238408,-0.999999967598754,0.));
#1420=DIRECTION('center_axis',(0.,0.,1.));
#1421=DIRECTION('ref_axis',(-0.258873783498088,-0.965911157517805,0.));
#1422=DIRECTION('center_axis',(0.,0.,-1.));
#1423=DIRECTION('ref_axis',(-0.258873783498088,-0.965911157517805,0.));
#1424=DIRECTION('',(0.,0.,-1.));
#1425=DIRECTION('',(0.,0.,1.));
#1426=DIRECTION('center_axis',(0.,-1.,0.));
#1427=DIRECTION('ref_axis',(1.,0.,0.));
#1428=DIRECTION('',(1.,0.,0.));
#1429=DIRECTION('center_axis',(0.,0.,1.));
#1430=DIRECTION('ref_axis',(-0.866117363674347,-0.499840686961154,0.));
#1431=DIRECTION('center_axis',(0.,0.,-1.));
#1432=DIRECTION('ref_axis',(-0.866117363674347,-0.499840686961154,0.));
#1433=DIRECTION('',(0.,0.,-1.));
#1434=DIRECTION('',(0.,0.,1.));
#1435=DIRECTION('center_axis',(-0.999999967599961,0.000254558592085935,
0.));
#1436=DIRECTION('ref_axis',(-0.000254558592085935,-0.999999967599961,0.));
#1437=DIRECTION('',(-0.000254558592085935,-0.999999967599961,0.));
#1438=DIRECTION('center_axis',(1.,0.,0.));
#1439=DIRECTION('ref_axis',(0.,1.,0.));
#1440=DIRECTION('',(0.,-1.,0.));
#1441=DIRECTION('',(0.,0.,1.));
#1442=DIRECTION('',(0.,0.,1.));
#1443=DIRECTION('center_axis',(0.,-1.,0.));
#1444=DIRECTION('ref_axis',(1.,0.,0.));
#1445=DIRECTION('',(-1.,0.,0.));
#1446=DIRECTION('',(0.,0.,1.));
#1447=DIRECTION('center_axis',(-1.,0.,0.));
#1448=DIRECTION('ref_axis',(0.,-1.,0.));
#1449=DIRECTION('',(0.,1.,0.));
#1450=DIRECTION('',(0.,0.,1.));
#1451=DIRECTION('center_axis',(0.,1.,0.));
#1452=DIRECTION('ref_axis',(-1.,0.,0.));
#1453=DIRECTION('',(1.,0.,0.));
#1454=DIRECTION('center_axis',(0.,0.,1.));
#1455=DIRECTION('ref_axis',(1.,0.,0.));
#1456=DIRECTION('center_axis',(1.,0.,0.));
#1457=DIRECTION('ref_axis',(0.,1.,0.));
#1458=DIRECTION('',(0.,-1.,0.));
#1459=DIRECTION('',(0.,0.,1.));
#1460=DIRECTION('',(0.,0.,1.));
#1461=DIRECTION('center_axis',(0.,-1.,0.));
#1462=DIRECTION('ref_axis',(1.,0.,0.));
#1463=DIRECTION('',(-1.,0.,0.));
#1464=DIRECTION('',(0.,0.,1.));
#1465=DIRECTION('center_axis',(-1.,0.,0.));
#1466=DIRECTION('ref_axis',(0.,-1.,0.));
#1467=DIRECTION('',(0.,1.,0.));
#1468=DIRECTION('',(0.,0.,1.));
#1469=DIRECTION('center_axis',(0.,1.,0.));
#1470=DIRECTION('ref_axis',(-1.,0.,0.));
#1471=DIRECTION('',(1.,0.,0.));
#1472=DIRECTION('center_axis',(0.,0.,1.));
#1473=DIRECTION('ref_axis',(1.,0.,0.));
#1474=DIRECTION('center_axis',(-1.,0.,0.));
#1475=DIRECTION('ref_axis',(0.,-1.,0.));
#1476=DIRECTION('',(0.,1.,0.));
#1477=DIRECTION('',(0.,0.,1.));
#1478=DIRECTION('',(0.,0.,1.));
#1479=DIRECTION('center_axis',(0.,1.,0.));
#1480=DIRECTION('ref_axis',(-1.,0.,0.));
#1481=DIRECTION('',(1.,0.,0.));
#1482=DIRECTION('',(0.,0.,1.));
#1483=DIRECTION('center_axis',(1.,0.,0.));
#1484=DIRECTION('ref_axis',(0.,1.,0.));
#1485=DIRECTION('',(0.,-1.,0.));
#1486=DIRECTION('',(0.,0.,1.));
#1487=DIRECTION('center_axis',(0.,-1.,0.));
#1488=DIRECTION('ref_axis',(1.,0.,0.));
#1489=DIRECTION('',(-1.,0.,0.));
#1490=DIRECTION('center_axis',(0.,0.,1.));
#1491=DIRECTION('ref_axis',(1.,0.,0.));
#1492=DIRECTION('center_axis',(-0.866025403784441,0.499999999999997,0.));
#1493=DIRECTION('ref_axis',(-0.499999999999997,-0.86602540378444,0.));
#1494=DIRECTION('',(0.499999999999997,0.86602540378444,0.));
#1495=DIRECTION('',(0.,0.,1.));
#1496=DIRECTION('',(0.,0.,1.));
#1497=DIRECTION('center_axis',(0.499999999999997,0.866025403784441,0.));
#1498=DIRECTION('ref_axis',(-0.86602540378444,0.499999999999997,0.));
#1499=DIRECTION('',(0.86602540378444,-0.499999999999997,0.));
#1500=DIRECTION('',(0.,0.,1.));
#1501=DIRECTION('center_axis',(0.866025403784444,-0.499999999999991,0.));
#1502=DIRECTION('ref_axis',(0.499999999999991,0.866025403784444,0.));
#1503=DIRECTION('',(-0.499999999999991,-0.866025403784444,0.));
#1504=DIRECTION('',(0.,0.,1.));
#1505=DIRECTION('center_axis',(-0.499999999999996,-0.866025403784441,0.));
#1506=DIRECTION('ref_axis',(0.866025403784441,-0.499999999999996,0.));
#1507=DIRECTION('',(0.866025403784441,-0.499999999999996,0.));
#1508=DIRECTION('center_axis',(0.,0.,1.));
#1509=DIRECTION('ref_axis',(1.,0.,0.));
#1510=DIRECTION('center_axis',(-1.,0.,0.));
#1511=DIRECTION('ref_axis',(0.,-1.,0.));
#1512=DIRECTION('',(0.,1.,0.));
#1513=DIRECTION('',(0.,0.,1.));
#1514=DIRECTION('',(0.,0.,1.));
#1515=DIRECTION('center_axis',(0.,1.,0.));
#1516=DIRECTION('ref_axis',(-1.,0.,0.));
#1517=DIRECTION('',(1.,0.,0.));
#1518=DIRECTION('',(0.,0.,1.));
#1519=DIRECTION('center_axis',(1.,0.,0.));
#1520=DIRECTION('ref_axis',(0.,1.,0.));
#1521=DIRECTION('',(0.,-1.,0.));
#1522=DIRECTION('',(0.,0.,1.));
#1523=DIRECTION('center_axis',(0.,-1.,0.));
#1524=DIRECTION('ref_axis',(1.,0.,0.));
#1525=DIRECTION('',(-1.,0.,0.));
#1526=DIRECTION('center_axis',(0.,0.,1.));
#1527=DIRECTION('ref_axis',(1.,0.,0.));
#1528=DIRECTION('center_axis',(-1.,0.,0.));
#1529=DIRECTION('ref_axis',(0.,-1.,0.));
#1530=DIRECTION('',(0.,1.,0.));
#1531=DIRECTION('',(0.,0.,1.));
#1532=DIRECTION('',(0.,0.,1.));
#1533=DIRECTION('center_axis',(0.,1.,0.));
#1534=DIRECTION('ref_axis',(-1.,0.,0.));
#1535=DIRECTION('',(1.,0.,0.));
#1536=DIRECTION('',(0.,0.,1.));
#1537=DIRECTION('center_axis',(1.,0.,0.));
#1538=DIRECTION('ref_axis',(0.,1.,0.));
#1539=DIRECTION('',(0.,-1.,0.));
#1540=DIRECTION('',(0.,0.,1.));
#1541=DIRECTION('center_axis',(0.,-1.,0.));
#1542=DIRECTION('ref_axis',(1.,0.,0.));
#1543=DIRECTION('',(-1.,0.,0.));
#1544=DIRECTION('center_axis',(0.,0.,1.));
#1545=DIRECTION('ref_axis',(1.,0.,0.));
#1546=DIRECTION('center_axis',(0.866025403784439,0.499999999999999,0.));
#1547=DIRECTION('ref_axis',(-0.499999999999999,0.866025403784439,0.));
#1548=DIRECTION('',(0.499999999999999,-0.866025403784439,0.));
#1549=DIRECTION('',(0.,0.,1.));
#1550=DIRECTION('',(0.,0.,1.));
#1551=DIRECTION('center_axis',(0.5,-0.866025403784439,0.));
#1552=DIRECTION('ref_axis',(0.866025403784439,0.5,0.));
#1553=DIRECTION('',(-0.866025403784439,-0.5,0.));
#1554=DIRECTION('',(0.,0.,1.));
#1555=DIRECTION('center_axis',(-0.866025403784441,-0.499999999999996,0.));
#1556=DIRECTION('ref_axis',(0.499999999999996,-0.866025403784441,0.));
#1557=DIRECTION('',(0.499999999999996,-0.866025403784441,0.));
#1558=DIRECTION('',(0.,0.,1.));
#1559=DIRECTION('center_axis',(-0.499999999999999,0.866025403784439,0.));
#1560=DIRECTION('ref_axis',(-0.866025403784439,-0.499999999999999,0.));
#1561=DIRECTION('',(-0.866025403784439,-0.499999999999999,0.));
#1562=DIRECTION('center_axis',(0.,0.,1.));
#1563=DIRECTION('ref_axis',(1.,0.,0.));
#1564=DIRECTION('center_axis',(1.,0.,0.));
#1565=DIRECTION('ref_axis',(0.,1.,0.));
#1566=DIRECTION('',(0.,1.,0.));
#1567=DIRECTION('center_axis',(-0.500098151739303,-0.86596872843477,0.));
#1568=DIRECTION('ref_axis',(0.86596872843477,-0.500098151739303,0.));
#1569=DIRECTION('',(0.86596872843477,-0.500098151739303,0.));
#1570=DIRECTION('center_axis',(0.,0.,1.));
#1571=DIRECTION('ref_axis',(1.,0.,0.));
#1572=DIRECTION('',(0.,0.,1.));
#1573=DIRECTION('',(1.110223024625E-16,1.,0.));
#1574=DIRECTION('',(0.,0.,1.));
#1575=DIRECTION('',(-1.,1.224646799147E-16,0.));
#1576=DIRECTION('',(-1.,1.144237745222E-17,-1.110223024625E-16));
#1577=DIRECTION('',(-1.144237745222E-17,-1.,-1.224646799147E-16));
#1578=DIRECTION('',(0.,0.,1.));
#1579=DIRECTION('',(1.,0.,0.));
#1580=DIRECTION('',(0.,0.,1.));
#1581=DIRECTION('',(1.110223024625E-16,1.,0.));
#1582=DIRECTION('',(0.,0.,1.));
#1583=DIRECTION('',(1.110223024625E-16,1.,0.));
#1584=DIRECTION('',(0.,0.,1.));
#1585=DIRECTION('',(-1.,1.224646799147E-16,0.));
#1586=DIRECTION('',(0.,0.,1.));
#1587=DIRECTION('',(-1.,1.224646799147E-16,0.));
#1588=DIRECTION('',(-1.,-2.334869823773E-16,-1.110223024625E-16));
#1589=DIRECTION('',(2.334869823773E-16,-1.,1.224646799147E-16));
#1590=DIRECTION('',(0.,0.,1.));
#1591=DIRECTION('',(1.,0.,0.));
#1592=DIRECTION('',(0.,0.,1.));
#1593=DIRECTION('',(1.,0.,0.));
#1594=DIRECTION('',(0.,0.,1.));
#1595=DIRECTION('',(1.,0.,0.));
#1596=DIRECTION('',(0.,0.,1.));
#1597=DIRECTION('',(1.,0.,0.));
#1598=DIRECTION('',(0.,0.,1.));
#1599=DIRECTION('',(1.,0.,0.));
#1600=DIRECTION('',(0.,0.,1.));
#1601=DIRECTION('',(-1.,1.224646799147E-16,0.));
#1602=DIRECTION('',(0.,0.,1.));
#1603=DIRECTION('',(1.110223024625E-16,1.,0.));
#1604=DIRECTION('',(0.,0.,1.));
#1605=DIRECTION('',(1.110223024625E-16,1.,0.));
#1606=DIRECTION('',(0.,0.,1.));
#1607=DIRECTION('',(1.,0.,0.));
#1608=DIRECTION('',(0.,0.,1.));
#1609=DIRECTION('',(1.110223024625E-16,-1.,0.));
#1610=DIRECTION('',(0.,0.,1.));
#1611=DIRECTION('',(1.110223024625E-16,-1.,0.));
#1612=DIRECTION('',(0.,0.,1.));
#1613=DIRECTION('',(1.,0.,0.));
#1614=DIRECTION('',(0.,0.,1.));
#1615=DIRECTION('',(-1.,1.224646799147E-16,0.));
#1616=DIRECTION('',(0.,0.,1.));
#1617=DIRECTION('',(1.,0.,0.));
#1618=DIRECTION('',(0.,0.,1.));
#1619=DIRECTION('',(1.110223024625E-16,1.,0.));
#1620=DIRECTION('',(0.,0.,1.));
#1621=DIRECTION('',(1.,0.,0.));
#1622=DIRECTION('',(0.,0.,1.));
#1623=DIRECTION('',(-1.,1.224646799147E-16,0.));
#1624=DIRECTION('',(0.,0.,1.));
#1625=DIRECTION('',(1.110223024625E-16,1.,0.));
#1626=DIRECTION('',(0.,0.,1.));
#1627=DIRECTION('',(1.,0.,0.));
#1628=DIRECTION('',(0.,0.,1.));
#1629=DIRECTION('',(-1.,1.224646799147E-16,0.));
#1630=DIRECTION('',(0.,0.,1.));
#1631=DIRECTION('',(1.110223024625E-16,-1.,0.));
#1632=DIRECTION('',(0.,0.,1.));
#1633=DIRECTION('',(1.110223024625E-16,1.,0.));
#1634=DIRECTION('',(0.,0.,1.));
#1635=DIRECTION('',(1.,0.,0.));
#1636=CARTESIAN_POINT('',(0.,0.,0.));
#1637=CARTESIAN_POINT('',(0.,0.,0.));
#1638=CARTESIAN_POINT('',(0.,0.,0.));
#1639=CARTESIAN_POINT('',(0.,0.,0.));
#1640=CARTESIAN_POINT('',(0.,0.,0.));
#1641=CARTESIAN_POINT('',(0.,0.,0.));
#1642=CARTESIAN_POINT('',(0.,0.,0.));
#1643=CARTESIAN_POINT('',(0.,0.,0.));
#1644=CARTESIAN_POINT('',(0.,0.,0.));
#1645=CARTESIAN_POINT('',(0.,0.,0.));
#1646=CARTESIAN_POINT('',(0.,0.,0.));
#1647=CARTESIAN_POINT('',(0.,0.,0.));
#1648=CARTESIAN_POINT('',(0.,0.,0.));
#1649=CARTESIAN_POINT('',(0.,0.,0.));
#1650=CARTESIAN_POINT('',(0.,0.,0.));
#1651=CARTESIAN_POINT('Origin',(192.,-97.9992363099973,10.));
#1652=CARTESIAN_POINT('',(192.,-96.9992363099973,13.));
#1653=CARTESIAN_POINT('',(193.,-97.9992363099973,13.));
#1654=CARTESIAN_POINT('Origin',(192.,-97.9992363099973,13.));
#1655=CARTESIAN_POINT('',(193.,-97.9992363099973,10.));
#1656=CARTESIAN_POINT('',(193.,-97.9992363099973,10.));
#1657=CARTESIAN_POINT('',(192.,-96.9992363099973,10.));
#1658=CARTESIAN_POINT('Origin',(192.,-97.9992363099973,10.));
#1659=CARTESIAN_POINT('',(192.,-96.9992363099973,10.));
#1660=CARTESIAN_POINT('Origin',(193.,-96.9992363099973,10.));
#1661=CARTESIAN_POINT('',(98.0005092562899,-96.9992363099973,10.));
#1662=CARTESIAN_POINT('',(97.0007637872312,-96.9992363099973,10.));
#1663=CARTESIAN_POINT('',(98.0005092562899,-96.9992363099973,13.));
#1664=CARTESIAN_POINT('',(98.0005092562899,-96.9992363099973,10.));
#1665=CARTESIAN_POINT('',(97.0007637872312,-96.9992363099973,13.));
#1666=CARTESIAN_POINT('Origin',(144.995163999764,-126.248764077055,10.));
#1667=CARTESIAN_POINT('',(193.,-137.422612161124,10.));
#1668=CARTESIAN_POINT('',(193.,-96.9992363099973,10.));
#1669=CARTESIAN_POINT('',(192.499951195546,-138.28866574034,10.));
#1670=CARTESIAN_POINT('Origin',(192.,-137.422612161124,10.));
#1671=CARTESIAN_POINT('',(162.920156930153,-155.364345423328,10.));
#1672=CARTESIAN_POINT('',(193.,-138.,10.));
#1673=CARTESIAN_POINT('',(162.420205734607,-155.498291844112,10.));
#1674=CARTESIAN_POINT('Origin',(162.420205734607,-154.498291844112,10.));
#1675=CARTESIAN_POINT('',(127.567243426593,-155.498291844112,10.));
#1676=CARTESIAN_POINT('',(162.688124727456,-155.498291844112,10.));
#1677=CARTESIAN_POINT('',(127.067145274854,-155.364260572547,10.));
#1678=CARTESIAN_POINT('Origin',(127.567243426593,-154.498291844112,10.));
#1679=CARTESIAN_POINT('',(97.4903768088263,-138.283635419932,10.));
#1680=CARTESIAN_POINT('',(127.299233494744,-155.498291844112,10.));
#1681=CARTESIAN_POINT('',(96.9904749929657,-137.417412132905,10.));
#1682=CARTESIAN_POINT('Origin',(97.9904749605656,-137.417666691497,10.));
#1683=CARTESIAN_POINT('',(96.9918540705329,-131.999235175954,10.));
#1684=CARTESIAN_POINT('',(97.0007637872312,-96.9992363099973,10.));
#1685=CARTESIAN_POINT('',(97.0005092886912,-97.998981746663,10.));
#1686=CARTESIAN_POINT('',(97.0007637872312,-96.9992363099973,10.));
#1687=CARTESIAN_POINT('Origin',(98.0005092562899,-97.9992363099973,10.));
#1688=CARTESIAN_POINT('',(185.000002756715,-99.2492363099973,10.));
#1689=CARTESIAN_POINT('',(185.000002756715,-97.7492363099973,10.));
#1690=CARTESIAN_POINT('',(185.000002756715,-112.749000193526,10.));
#1691=CARTESIAN_POINT('',(175.000002756715,-97.7492363099973,10.));
#1692=CARTESIAN_POINT('',(164.997583378239,-97.7492363099973,10.));
#1693=CARTESIAN_POINT('',(175.000002756715,-99.2492363099973,10.));
#1694=CARTESIAN_POINT('',(175.000002756715,-111.999000193526,10.));
#1695=CARTESIAN_POINT('',(159.997583378239,-99.2492363099973,10.));
#1696=CARTESIAN_POINT('',(111.040831329567,-99.2500014901161,10.));
#1697=CARTESIAN_POINT('',(111.040831329567,-97.7500014901161,10.));
#1698=CARTESIAN_POINT('',(111.040831329567,-112.749382783585,10.));
#1699=CARTESIAN_POINT('',(101.040831329567,-97.7500014901161,10.));
#1700=CARTESIAN_POINT('',(128.017997664665,-97.7500014901161,10.));
#1701=CARTESIAN_POINT('',(101.040831329567,-99.2500014901161,10.));
#1702=CARTESIAN_POINT('',(101.040831329567,-111.999382783585,10.));
#1703=CARTESIAN_POINT('',(123.017997664665,-99.2500014901161,10.));
#1704=CARTESIAN_POINT('',(190.87,-102.000001966953,10.));
#1705=CARTESIAN_POINT('',(190.87,-117.000001966953,10.));
#1706=CARTESIAN_POINT('',(190.87,-114.124383022004,10.));
#1707=CARTESIAN_POINT('',(192.37,-117.000001966953,10.));
#1708=CARTESIAN_POINT('',(167.932581999882,-117.000001966953,10.));
#1709=CARTESIAN_POINT('',(192.37,-102.000001966953,10.));
#1710=CARTESIAN_POINT('',(192.37,-121.624383022004,10.));
#1711=CARTESIAN_POINT('',(168.682581999882,-102.000001966953,10.));
#1712=CARTESIAN_POINT('',(102.344744334692,-137.277500354856,10.));
#1713=CARTESIAN_POINT('',(101.094744334692,-139.442563864318,10.));
#1714=CARTESIAN_POINT('',(110.06383823988,-123.907637522676,10.));
#1715=CARTESIAN_POINT('',(118.415252410381,-149.442563864317,10.));
#1716=CARTESIAN_POINT('',(114.70086026204,-147.298058557597,10.));
#1717=CARTESIAN_POINT('',(119.665252410381,-147.277500354856,10.));
#1718=CARTESIAN_POINT('',(126.759346315568,-134.990169277406,10.));
#1719=CARTESIAN_POINT('',(124.611114299884,-150.132995048136,10.));
#1720=CARTESIAN_POINT('',(131.000001952052,-153.248291844112,10.));
#1721=CARTESIAN_POINT('',(131.000001952052,-154.748291844112,10.));
#1722=CARTESIAN_POINT('',(131.000001952052,-139.748527960584,10.));
#1723=CARTESIAN_POINT('',(159.000001952052,-154.748291844112,10.));
#1724=CARTESIAN_POINT('',(137.997582975908,-154.748291844112,10.));
#1725=CARTESIAN_POINT('',(159.000001952052,-153.248291844112,10.));
#1726=CARTESIAN_POINT('',(159.000001952052,-140.498527960584,10.));
#1727=CARTESIAN_POINT('',(151.997582975908,-153.248291844112,10.));
#1728=CARTESIAN_POINT('',(97.7500014901161,-99.9453530087677,10.));
#1729=CARTESIAN_POINT('',(97.7500014901161,-119.945353008768,10.));
#1730=CARTESIAN_POINT('',(97.7500014901161,-113.097058542911,10.));
#1731=CARTESIAN_POINT('',(99.2500014901161,-119.945353008768,10.));
#1732=CARTESIAN_POINT('',(121.37258274494,-119.945353008768,10.));
#1733=CARTESIAN_POINT('',(99.2500014901161,-99.9453530087677,10.));
#1734=CARTESIAN_POINT('',(99.2500014901161,-123.097058542911,10.));
#1735=CARTESIAN_POINT('',(122.12258274494,-99.9453530087677,10.));
#1736=CARTESIAN_POINT('',(189.249800620956,-139.365398499137,10.));
#1737=CARTESIAN_POINT('',(187.999800620956,-137.200334989676,10.));
#1738=CARTESIAN_POINT('',(180.878136387888,-124.865250703556,10.));
#1739=CARTESIAN_POINT('',(170.679292545268,-147.200334989676,10.));
#1740=CARTESIAN_POINT('',(174.244146543428,-145.142165574216,10.));
#1741=CARTESIAN_POINT('',(171.929292545268,-149.365398499137,10.));
#1742=CARTESIAN_POINT('',(162.9326283122,-133.782718948825,10.));
#1743=CARTESIAN_POINT('',(166.833892505584,-152.307229083677,10.));
#1744=CARTESIAN_POINT('Origin',(192.,-137.422612161124,10.));
#1745=CARTESIAN_POINT('',(193.,-137.422612161124,13.));
#1746=CARTESIAN_POINT('',(192.499951195546,-138.28866574034,13.));
#1747=CARTESIAN_POINT('Origin',(192.,-137.422612161124,13.));
#1748=CARTESIAN_POINT('',(192.499951195546,-138.28866574034,10.));
#1749=CARTESIAN_POINT('',(193.,-137.422612161124,10.));
#1750=CARTESIAN_POINT('Origin',(162.688124727456,-155.498291844112,10.));
#1751=CARTESIAN_POINT('',(162.920156930153,-155.364345423328,13.));
#1752=CARTESIAN_POINT('',(193.,-138.,13.));
#1753=CARTESIAN_POINT('',(162.920156930153,-155.364345423328,10.));
#1754=CARTESIAN_POINT('Origin',(162.420205734607,-154.498291844112,10.));
#1755=CARTESIAN_POINT('',(162.420205734607,-155.498291844112,13.));
#1756=CARTESIAN_POINT('Origin',(162.420205734607,-154.498291844112,13.));
#1757=CARTESIAN_POINT('',(162.420205734607,-155.498291844112,10.));
#1758=CARTESIAN_POINT('Origin',(98.0005092562899,-97.9992363099973,10.));
#1759=CARTESIAN_POINT('',(97.0005092886912,-97.998981746663,13.));
#1760=CARTESIAN_POINT('Origin',(98.0005092562899,-97.9992363099973,13.));
#1761=CARTESIAN_POINT('',(97.0005092886912,-97.998981746663,10.));
#1762=CARTESIAN_POINT('Origin',(97.0007637872312,-96.9992363099973,10.));
#1763=CARTESIAN_POINT('',(96.9918540705329,-131.999235175954,13.));
#1764=CARTESIAN_POINT('',(96.9918540705329,-131.999235175954,10.));
#1765=CARTESIAN_POINT('',(97.0007637872312,-96.9992363099973,13.));
#1766=CARTESIAN_POINT('Origin',(127.567243426593,-154.498291844112,10.));
#1767=CARTESIAN_POINT('',(127.567243426593,-155.498291844112,13.));
#1768=CARTESIAN_POINT('',(127.067145274854,-155.364260572547,13.));
#1769=CARTESIAN_POINT('Origin',(127.567243426593,-154.498291844112,13.));
#1770=CARTESIAN_POINT('',(127.067145274854,-155.364260572547,10.));
#1771=CARTESIAN_POINT('',(127.567243426593,-155.498291844112,10.));
#1772=CARTESIAN_POINT('Origin',(127.299233494744,-155.498291844112,10.));
#1773=CARTESIAN_POINT('',(162.688124727456,-155.498291844112,13.));
#1774=CARTESIAN_POINT('Origin',(97.9904749605656,-137.417666691497,10.));
#1775=CARTESIAN_POINT('',(97.4903768088263,-138.283635419932,13.));
#1776=CARTESIAN_POINT('',(96.9904749929657,-137.417412132905,13.));
#1777=CARTESIAN_POINT('Origin',(97.9904749605656,-137.417666691497,13.));
#1778=CARTESIAN_POINT('',(96.9904749929657,-137.417412132905,10.));
#1779=CARTESIAN_POINT('',(97.4903768088263,-138.283635419932,10.));
#1780=CARTESIAN_POINT('Origin',(96.9918542365082,-131.999235175996,10.));
#1781=CARTESIAN_POINT('',(97.0007637872312,-96.9992363099973,13.));
#1782=CARTESIAN_POINT('Origin',(185.000002756715,-99.2492363099973,2.));
#1783=CARTESIAN_POINT('',(185.000002756715,-97.7492363099973,2.));
#1784=CARTESIAN_POINT('',(185.000002756715,-99.2492363099973,2.));
#1785=CARTESIAN_POINT('',(185.000002756715,-97.7492363099973,2.));
#1786=CARTESIAN_POINT('',(185.000002756715,-97.7492363099973,2.));
#1787=CARTESIAN_POINT('',(185.000002756715,-99.2492363099973,2.));
#1788=CARTESIAN_POINT('Origin',(175.000002756715,-99.2492363099973,2.));
#1789=CARTESIAN_POINT('',(175.000002756715,-99.2492363099973,2.));
#1790=CARTESIAN_POINT('',(185.000002756715,-99.2492363099973,2.));
#1791=CARTESIAN_POINT('',(175.000002756715,-99.2492363099973,2.));
#1792=CARTESIAN_POINT('Origin',(175.000002756715,-97.7492363099973,2.));
#1793=CARTESIAN_POINT('',(175.000002756715,-97.7492363099973,2.));
#1794=CARTESIAN_POINT('',(175.000002756715,-99.2492363099973,2.));
#1795=CARTESIAN_POINT('',(175.000002756715,-97.7492363099973,2.));
#1796=CARTESIAN_POINT('Origin',(185.000002756715,-97.7492363099973,2.));
#1797=CARTESIAN_POINT('',(175.000002756715,-97.7492363099973,2.));
#1798=CARTESIAN_POINT('Origin',(180.000002756715,-98.4992363099973,2.));
#1799=CARTESIAN_POINT('Origin',(111.040831329567,-99.2500014901161,2.));
#1800=CARTESIAN_POINT('',(111.040831329567,-97.7500014901161,2.));
#1801=CARTESIAN_POINT('',(111.040831329567,-99.2500014901161,2.));
#1802=CARTESIAN_POINT('',(111.040831329567,-97.7500014901161,2.));
#1803=CARTESIAN_POINT('',(111.040831329567,-97.7500014901161,2.));
#1804=CARTESIAN_POINT('',(111.040831329567,-99.2500014901161,2.));
#1805=CARTESIAN_POINT('Origin',(101.040831329567,-99.2500014901161,2.));
#1806=CARTESIAN_POINT('',(101.040831329567,-99.2500014901161,2.));
#1807=CARTESIAN_POINT('',(111.040831329567,-99.2500014901161,2.));
#1808=CARTESIAN_POINT('',(101.040831329567,-99.2500014901161,2.));
#1809=CARTESIAN_POINT('Origin',(101.040831329567,-97.7500014901161,2.));
#1810=CARTESIAN_POINT('',(101.040831329567,-97.7500014901161,2.));
#1811=CARTESIAN_POINT('',(101.040831329567,-99.2500014901161,2.));
#1812=CARTESIAN_POINT('',(101.040831329567,-97.7500014901161,2.));
#1813=CARTESIAN_POINT('Origin',(111.040831329567,-97.7500014901161,2.));
#1814=CARTESIAN_POINT('',(101.040831329567,-97.7500014901161,2.));
#1815=CARTESIAN_POINT('Origin',(106.040831329567,-98.5000014901161,2.));
#1816=CARTESIAN_POINT('Origin',(190.87,-102.000001966953,2.));
#1817=CARTESIAN_POINT('',(190.87,-117.000001966953,2.));
#1818=CARTESIAN_POINT('',(190.87,-102.000001966953,2.));
#1819=CARTESIAN_POINT('',(190.87,-117.000001966953,2.));
#1820=CARTESIAN_POINT('',(190.87,-117.000001966953,2.));
#1821=CARTESIAN_POINT('',(190.87,-102.000001966953,2.));
#1822=CARTESIAN_POINT('Origin',(192.37,-102.000001966953,2.));
#1823=CARTESIAN_POINT('',(192.37,-102.000001966953,2.));
#1824=CARTESIAN_POINT('',(190.87,-102.000001966953,2.));
#1825=CARTESIAN_POINT('',(192.37,-102.000001966953,2.));
#1826=CARTESIAN_POINT('Origin',(192.37,-117.000001966953,2.));
#1827=CARTESIAN_POINT('',(192.37,-117.000001966953,2.));
#1828=CARTESIAN_POINT('',(192.37,-102.000001966953,2.));
#1829=CARTESIAN_POINT('',(192.37,-117.000001966953,2.));
#1830=CARTESIAN_POINT('Origin',(190.87,-117.000001966953,2.));
#1831=CARTESIAN_POINT('',(192.37,-117.000001966953,2.));
#1832=CARTESIAN_POINT('Origin',(191.62,-109.500001966953,2.));
#1833=CARTESIAN_POINT('Origin',(102.344744334692,-137.277500354856,2.));
#1834=CARTESIAN_POINT('',(101.094744334692,-139.442563864318,2.));
#1835=CARTESIAN_POINT('',(102.344744334692,-137.277500354856,2.));
#1836=CARTESIAN_POINT('',(101.094744334692,-139.442563864318,2.));
#1837=CARTESIAN_POINT('',(101.094744334692,-139.442563864318,2.));
#1838=CARTESIAN_POINT('',(102.344744334692,-137.277500354856,2.));
#1839=CARTESIAN_POINT('Origin',(119.665252410381,-147.277500354856,2.));
#1840=CARTESIAN_POINT('',(119.665252410381,-147.277500354856,2.));
#1841=CARTESIAN_POINT('',(102.344744334692,-137.277500354856,2.));
#1842=CARTESIAN_POINT('',(119.665252410381,-147.277500354856,2.));
#1843=CARTESIAN_POINT('Origin',(118.415252410381,-149.442563864317,2.));
#1844=CARTESIAN_POINT('',(118.415252410381,-149.442563864317,2.));
#1845=CARTESIAN_POINT('',(119.665252410381,-147.277500354856,2.));
#1846=CARTESIAN_POINT('',(118.415252410381,-149.442563864317,2.));
#1847=CARTESIAN_POINT('Origin',(101.094744334692,-139.442563864318,2.));
#1848=CARTESIAN_POINT('',(101.094744334692,-139.442563864318,2.));
#1849=CARTESIAN_POINT('Origin',(110.379998372536,-143.360032109587,2.));
#1850=CARTESIAN_POINT('Origin',(131.000001952052,-153.248291844112,2.));
#1851=CARTESIAN_POINT('',(131.000001952052,-154.748291844112,2.));
#1852=CARTESIAN_POINT('',(131.000001952052,-153.248291844112,2.));
#1853=CARTESIAN_POINT('',(131.000001952052,-154.748291844112,2.));
#1854=CARTESIAN_POINT('',(131.000001952052,-154.748291844112,2.));
#1855=CARTESIAN_POINT('',(131.000001952052,-153.248291844112,2.));
#1856=CARTESIAN_POINT('Origin',(159.000001952052,-153.248291844112,2.));
#1857=CARTESIAN_POINT('',(159.000001952052,-153.248291844112,2.));
#1858=CARTESIAN_POINT('',(131.000001952052,-153.248291844112,2.));
#1859=CARTESIAN_POINT('',(159.000001952052,-153.248291844112,2.));
#1860=CARTESIAN_POINT('Origin',(159.000001952052,-154.748291844112,2.));
#1861=CARTESIAN_POINT('',(159.000001952052,-154.748291844112,2.));
#1862=CARTESIAN_POINT('',(159.000001952052,-153.248291844112,2.));
#1863=CARTESIAN_POINT('',(159.000001952052,-154.748291844112,2.));
#1864=CARTESIAN_POINT('Origin',(131.000001952052,-154.748291844112,2.));
#1865=CARTESIAN_POINT('',(159.000001952052,-154.748291844112,2.));
#1866=CARTESIAN_POINT('Origin',(145.000001952052,-153.998291844112,2.));
#1867=CARTESIAN_POINT('Origin',(97.7500014901161,-99.9453530087677,2.));
#1868=CARTESIAN_POINT('',(97.7500014901161,-119.945353008768,2.));
#1869=CARTESIAN_POINT('',(97.7500014901161,-99.9453530087677,2.));
#1870=CARTESIAN_POINT('',(97.7500014901161,-119.945353008768,2.));
#1871=CARTESIAN_POINT('',(97.7500014901161,-119.945353008768,2.));
#1872=CARTESIAN_POINT('',(97.7500014901161,-99.9453530087677,2.));
#1873=CARTESIAN_POINT('Origin',(99.2500014901161,-99.9453530087677,2.));
#1874=CARTESIAN_POINT('',(99.2500014901161,-99.9453530087677,2.));
#1875=CARTESIAN_POINT('',(97.7500014901161,-99.9453530087677,2.));
#1876=CARTESIAN_POINT('',(99.2500014901161,-99.9453530087677,2.));
#1877=CARTESIAN_POINT('Origin',(99.2500014901161,-119.945353008768,2.));
#1878=CARTESIAN_POINT('',(99.2500014901161,-119.945353008768,2.));
#1879=CARTESIAN_POINT('',(99.2500014901161,-99.9453530087677,2.));
#1880=CARTESIAN_POINT('',(99.2500014901161,-119.945353008768,2.));
#1881=CARTESIAN_POINT('Origin',(97.7500014901161,-119.945353008768,2.));
#1882=CARTESIAN_POINT('',(99.2500014901161,-119.945353008768,2.));
#1883=CARTESIAN_POINT('Origin',(98.5000014901161,-109.945353008768,2.));
#1884=CARTESIAN_POINT('Origin',(189.249800620956,-139.365398499137,2.));
#1885=CARTESIAN_POINT('',(187.999800620956,-137.200334989676,2.));
#1886=CARTESIAN_POINT('',(189.249800620956,-139.365398499137,2.));
#1887=CARTESIAN_POINT('',(187.999800620956,-137.200334989676,2.));
#1888=CARTESIAN_POINT('',(187.999800620956,-137.200334989676,2.));
#1889=CARTESIAN_POINT('',(189.249800620956,-139.365398499137,2.));
#1890=CARTESIAN_POINT('Origin',(171.929292545268,-149.365398499137,2.));
#1891=CARTESIAN_POINT('',(171.929292545268,-149.365398499137,2.));
#1892=CARTESIAN_POINT('',(189.249800620956,-139.365398499137,2.));
#1893=CARTESIAN_POINT('',(171.929292545268,-149.365398499137,2.));
#1894=CARTESIAN_POINT('Origin',(170.679292545268,-147.200334989676,2.));
#1895=CARTESIAN_POINT('',(170.679292545268,-147.200334989676,2.));
#1896=CARTESIAN_POINT('',(170.679292545268,-147.200334989676,2.));
#1897=CARTESIAN_POINT('',(170.679292545268,-147.200334989676,2.));
#1898=CARTESIAN_POINT('Origin',(187.999800620956,-137.200334989676,2.));
#1899=CARTESIAN_POINT('',(187.999800620956,-137.200334989676,2.));
#1900=CARTESIAN_POINT('Origin',(179.964546583112,-143.282866744407,2.));
#1901=CARTESIAN_POINT('Origin',(193.,-138.,10.));
#1902=CARTESIAN_POINT('',(193.,-96.9992363099973,13.));
#1903=CARTESIAN_POINT('Origin',(96.9903279995274,-137.994856533237,10.));
#1904=CARTESIAN_POINT('',(127.299233494744,-155.498291844112,13.));
#1905=CARTESIAN_POINT('Origin',(144.995163999764,-126.248764077055,13.));
#1906=CARTESIAN_POINT('',(146.,-137.,1.595));
#1907=CARTESIAN_POINT('',(142.25,-118.5,1.595));
#1908=CARTESIAN_POINT('',(140.,-133.75,1.595));
#1909=CARTESIAN_POINT('',(125.25,-117.5,1.595));
#1910=CARTESIAN_POINT('',(142.,-140.725,1.595));
#1911=CARTESIAN_POINT('',(112.545,-123.425,1.595));
#1912=CARTESIAN_POINT('',(145.750001,-112.86,1.595));
#1913=CARTESIAN_POINT('',(146.85,-140.15,1.595));
#1914=CARTESIAN_POINT('',(100.,-122.25,1.595));
#1915=CARTESIAN_POINT('',(0.,0.,0.));
#1916=CARTESIAN_POINT('',(0.,0.,0.));
#1917=CARTESIAN_POINT('',(0.,0.,0.));
#1918=CARTESIAN_POINT('',(0.,0.,0.));
#1919=CARTESIAN_POINT('',(0.,0.,0.));
#1920=CARTESIAN_POINT('',(168.249999,-112.86,1.595));
#1921=CARTESIAN_POINT('',(176.89,-129.250001,1.595));
#1922=CARTESIAN_POINT('',(110.545,-123.5,1.595));
#1923=CARTESIAN_POINT('',(127.475,-119.75,1.595));
#1924=CARTESIAN_POINT('',(143.5,-140.,1.595));
#1925=CARTESIAN_POINT('',(111.545,-127.25,1.595));
#1926=CARTESIAN_POINT('',(169.85,-117.25,1.595));
#1927=CARTESIAN_POINT('',(164.75,-118.5,1.595));
#1928=CARTESIAN_POINT('',(149.725,-119.75,1.595));
#1929=CARTESIAN_POINT('',(169.,-132.025,1.595));
#1930=CARTESIAN_POINT('',(172.225,-119.5,1.595));
#1931=CARTESIAN_POINT('',(123.750001,-113.11,1.595));
#1932=CARTESIAN_POINT('',(140.25,-140.75,1.595));
#1933=CARTESIAN_POINT('',(147.4,-117.5,1.595));
#1934=CARTESIAN_POINT('',(120.25,-118.5,1.595));
#1935=CARTESIAN_POINT('',(171.75,-131.350001,1.595));
#1936=CARTESIAN_POINT('',(171.55,-125.75,1.595));
#1937=CARTESIAN_POINT('',(111.545,-130.75,1.595));
#1938=UNCERTAINTY_MEASURE_WITH_UNIT(LENGTH_MEASURE(0.01),#1970,
'DISTANCE_ACCURACY_VALUE',
'Maximum model space distance between geometric entities at asserted c
onnectivities');
#1939=UNCERTAINTY_MEASURE_WITH_UNIT(LENGTH_MEASURE(0.01),#1970,
'DISTANCE_ACCURACY_VALUE',
'Maximum model space distance between geometric entities at asserted c
onnectivities');
#1940=UNCERTAINTY_MEASURE_WITH_UNIT(LENGTH_MEASURE(0.01),#1970,
'DISTANCE_ACCURACY_VALUE',
'Maximum model space distance between geometric entities at asserted c
onnectivities');
#1941=UNCERTAINTY_MEASURE_WITH_UNIT(LENGTH_MEASURE(0.01),#1970,
'DISTANCE_ACCURACY_VALUE',
'Maximum model space distance between geometric entities at asserted c
onnectivities');
#1942=UNCERTAINTY_MEASURE_WITH_UNIT(LENGTH_MEASURE(0.01),#1970,
'DISTANCE_ACCURACY_VALUE',
'Maximum model space distance between geometric entities at asserted c
onnectivities');
#1943=UNCERTAINTY_MEASURE_WITH_UNIT(LENGTH_MEASURE(0.01),#1970,
'DISTANCE_ACCURACY_VALUE',
'Maximum model space distance between geometric entities at asserted c
onnectivities');
#1944=UNCERTAINTY_MEASURE_WITH_UNIT(LENGTH_MEASURE(0.01),#1970,
'DISTANCE_ACCURACY_VALUE',
'Maximum model space distance between geometric entities at asserted c
onnectivities');
#1945=UNCERTAINTY_MEASURE_WITH_UNIT(LENGTH_MEASURE(0.01),#1970,
'DISTANCE_ACCURACY_VALUE',
'Maximum model space distance between geometric entities at asserted c
onnectivities');
#1946=UNCERTAINTY_MEASURE_WITH_UNIT(LENGTH_MEASURE(0.01),#1970,
'DISTANCE_ACCURACY_VALUE',
'Maximum model space distance between geometric entities at asserted c
onnectivities');
#1947=UNCERTAINTY_MEASURE_WITH_UNIT(LENGTH_MEASURE(0.01),#1970,
'DISTANCE_ACCURACY_VALUE',
'Maximum model space distance between geometric entities at asserted c
onnectivities');
#1948=UNCERTAINTY_MEASURE_WITH_UNIT(LENGTH_MEASURE(0.01),#1970,
'DISTANCE_ACCURACY_VALUE',
'Maximum model space distance between geometric entities at asserted c
onnectivities');
#1949=UNCERTAINTY_MEASURE_WITH_UNIT(LENGTH_MEASURE(0.01),#1970,
'DISTANCE_ACCURACY_VALUE',
'Maximum model space distance between geometric entities at asserted c
onnectivities');
#1950=UNCERTAINTY_MEASURE_WITH_UNIT(LENGTH_MEASURE(0.01),#1970,
'DISTANCE_ACCURACY_VALUE',
'Maximum model space distance between geometric entities at asserted c
onnectivities');
#1951=UNCERTAINTY_MEASURE_WITH_UNIT(LENGTH_MEASURE(0.01),#1970,
'DISTANCE_ACCURACY_VALUE',
'Maximum model space distance between geometric entities at asserted c
onnectivities');
#1952=UNCERTAINTY_MEASURE_WITH_UNIT(LENGTH_MEASURE(0.01),#1970,
'DISTANCE_ACCURACY_VALUE',
'Maximum model space distance between geometric entities at asserted c
onnectivities');
#1953=UNCERTAINTY_MEASURE_WITH_UNIT(LENGTH_MEASURE(0.01),#1970,
'DISTANCE_ACCURACY_VALUE',
'Maximum model space distance between geometric entities at asserted c
onnectivities');
#1954=(
GEOMETRIC_REPRESENTATION_CONTEXT(3)
GLOBAL_UNCERTAINTY_ASSIGNED_CONTEXT((#1938))
GLOBAL_UNIT_ASSIGNED_CONTEXT((#1970,#1972,#1973))
REPRESENTATION_CONTEXT('','3D')
);
#1955=(
GEOMETRIC_REPRESENTATION_CONTEXT(3)
GLOBAL_UNCERTAINTY_ASSIGNED_CONTEXT((#1939))
GLOBAL_UNIT_ASSIGNED_CONTEXT((#1970,#1972,#1973))
REPRESENTATION_CONTEXT('','3D')
);
#1956=(
GEOMETRIC_REPRESENTATION_CONTEXT(3)
GLOBAL_UNCERTAINTY_ASSIGNED_CONTEXT((#1940))
GLOBAL_UNIT_ASSIGNED_CONTEXT((#1970,#1972,#1973))
REPRESENTATION_CONTEXT('','3D')
);
#1957=(
GEOMETRIC_REPRESENTATION_CONTEXT(3)
GLOBAL_UNCERTAINTY_ASSIGNED_CONTEXT((#1941))
GLOBAL_UNIT_ASSIGNED_CONTEXT((#1970,#1972,#1973))
REPRESENTATION_CONTEXT('','3D')
);
#1958=(
GEOMETRIC_REPRESENTATION_CONTEXT(3)
GLOBAL_UNCERTAINTY_ASSIGNED_CONTEXT((#1942))
GLOBAL_UNIT_ASSIGNED_CONTEXT((#1970,#1972,#1973))
REPRESENTATION_CONTEXT('','3D')
);
#1959=(
GEOMETRIC_REPRESENTATION_CONTEXT(3)
GLOBAL_UNCERTAINTY_ASSIGNED_CONTEXT((#1943))
GLOBAL_UNIT_ASSIGNED_CONTEXT((#1970,#1972,#1973))
REPRESENTATION_CONTEXT('','3D')
);
#1960=(
GEOMETRIC_REPRESENTATION_CONTEXT(3)
GLOBAL_UNCERTAINTY_ASSIGNED_CONTEXT((#1944))
GLOBAL_UNIT_ASSIGNED_CONTEXT((#1970,#1972,#1973))
REPRESENTATION_CONTEXT('','3D')
);
#1961=(
GEOMETRIC_REPRESENTATION_CONTEXT(3)
GLOBAL_UNCERTAINTY_ASSIGNED_CONTEXT((#1945))
GLOBAL_UNIT_ASSIGNED_CONTEXT((#1970,#1972,#1973))
REPRESENTATION_CONTEXT('','3D')
);
#1962=(
GEOMETRIC_REPRESENTATION_CONTEXT(3)
GLOBAL_UNCERTAINTY_ASSIGNED_CONTEXT((#1946))
GLOBAL_UNIT_ASSIGNED_CONTEXT((#1970,#1972,#1973))
REPRESENTATION_CONTEXT('','3D')
);
#1963=(
GEOMETRIC_REPRESENTATION_CONTEXT(3)
GLOBAL_UNCERTAINTY_ASSIGNED_CONTEXT((#1947))
GLOBAL_UNIT_ASSIGNED_CONTEXT((#1970,#1972,#1973))
REPRESENTATION_CONTEXT('','3D')
);
#1964=(
GEOMETRIC_REPRESENTATION_CONTEXT(3)
GLOBAL_UNCERTAINTY_ASSIGNED_CONTEXT((#1948))
GLOBAL_UNIT_ASSIGNED_CONTEXT((#1970,#1972,#1973))
REPRESENTATION_CONTEXT('','3D')
);
#1965=(
GEOMETRIC_REPRESENTATION_CONTEXT(3)
GLOBAL_UNCERTAINTY_ASSIGNED_CONTEXT((#1949))
GLOBAL_UNIT_ASSIGNED_CONTEXT((#1970,#1972,#1973))
REPRESENTATION_CONTEXT('','3D')
);
#1966=(
GEOMETRIC_REPRESENTATION_CONTEXT(3)
GLOBAL_UNCERTAINTY_ASSIGNED_CONTEXT((#1950))
GLOBAL_UNIT_ASSIGNED_CONTEXT((#1970,#1972,#1973))
REPRESENTATION_CONTEXT('','3D')
);
#1967=(
GEOMETRIC_REPRESENTATION_CONTEXT(3)
GLOBAL_UNCERTAINTY_ASSIGNED_CONTEXT((#1951))
GLOBAL_UNIT_ASSIGNED_CONTEXT((#1970,#1972,#1973))
REPRESENTATION_CONTEXT('','3D')
);
#1968=(
GEOMETRIC_REPRESENTATION_CONTEXT(3)
GLOBAL_UNCERTAINTY_ASSIGNED_CONTEXT((#1952))
GLOBAL_UNIT_ASSIGNED_CONTEXT((#1970,#1972,#1973))
REPRESENTATION_CONTEXT('','3D')
);
#1969=(
GEOMETRIC_REPRESENTATION_CONTEXT(3)
GLOBAL_UNCERTAINTY_ASSIGNED_CONTEXT((#1953))
GLOBAL_UNIT_ASSIGNED_CONTEXT((#1970,#1972,#1973))
REPRESENTATION_CONTEXT('','3D')
);
#1970=(
LENGTH_UNIT()
NAMED_UNIT(*)
SI_UNIT(.MILLI.,.METRE.)
);
#1971=(
LENGTH_UNIT()
NAMED_UNIT(*)
SI_UNIT($,.METRE.)
);
#1972=(
NAMED_UNIT(*)
PLANE_ANGLE_UNIT()
SI_UNIT($,.RADIAN.)
);
#1973=(
NAMED_UNIT(*)
SI_UNIT($,.STERADIAN.)
SOLID_ANGLE_UNIT()
);
#1974=SHAPE_DEFINITION_REPRESENTATION(#1989,#2036);
#1975=SHAPE_DEFINITION_REPRESENTATION(#1990,#2037);
#1976=SHAPE_DEFINITION_REPRESENTATION(#1991,#2038);
#1977=SHAPE_DEFINITION_REPRESENTATION(#1992,#2039);
#1978=SHAPE_DEFINITION_REPRESENTATION(#1993,#2040);
#1979=SHAPE_DEFINITION_REPRESENTATION(#1994,#2041);
#1980=SHAPE_DEFINITION_REPRESENTATION(#1995,#2042);
#1981=SHAPE_DEFINITION_REPRESENTATION(#1996,#2043);
#1982=SHAPE_DEFINITION_REPRESENTATION(#1997,#2044);
#1983=SHAPE_DEFINITION_REPRESENTATION(#1998,#2045);
#1984=SHAPE_DEFINITION_REPRESENTATION(#1999,#2046);
#1985=SHAPE_DEFINITION_REPRESENTATION(#2000,#2047);
#1986=SHAPE_DEFINITION_REPRESENTATION(#2001,#2048);
#1987=SHAPE_DEFINITION_REPRESENTATION(#2002,#2049);
#1988=SHAPE_DEFINITION_REPRESENTATION(#2003,#2050);
#1989=PRODUCT_DEFINITION_SHAPE('',$,#2052);
#1990=PRODUCT_DEFINITION_SHAPE('',$,#2053);
#1991=PRODUCT_DEFINITION_SHAPE('',$,#2054);
#1992=PRODUCT_DEFINITION_SHAPE('',$,#2055);
#1993=PRODUCT_DEFINITION_SHAPE('',$,#2056);
#1994=PRODUCT_DEFINITION_SHAPE('',$,#2057);
#1995=PRODUCT_DEFINITION_SHAPE('',$,#2058);
#1996=PRODUCT_DEFINITION_SHAPE('',$,#2059);
#1997=PRODUCT_DEFINITION_SHAPE('',$,#2060);
#1998=PRODUCT_DEFINITION_SHAPE('',$,#2061);
#1999=PRODUCT_DEFINITION_SHAPE('',$,#2062);
#2000=PRODUCT_DEFINITION_SHAPE('',$,#2063);
#2001=PRODUCT_DEFINITION_SHAPE('',$,#2064);
#2002=PRODUCT_DEFINITION_SHAPE('',$,#2065);
#2003=PRODUCT_DEFINITION_SHAPE('',$,#2066);
#2004=PRODUCT_DEFINITION_SHAPE($,$,#109);
#2005=PRODUCT_DEFINITION_SHAPE($,$,#110);
#2006=PRODUCT_DEFINITION_SHAPE($,$,#111);
#2007=PRODUCT_DEFINITION_SHAPE($,$,#112);
#2008=PRODUCT_DEFINITION_SHAPE($,$,#113);
#2009=PRODUCT_DEFINITION_SHAPE($,$,#114);
#2010=PRODUCT_DEFINITION_SHAPE($,$,#115);
#2011=PRODUCT_DEFINITION_SHAPE($,$,#116);
#2012=PRODUCT_DEFINITION_SHAPE($,$,#117);
#2013=PRODUCT_DEFINITION_SHAPE($,$,#118);
#2014=PRODUCT_DEFINITION_SHAPE($,$,#119);
#2015=PRODUCT_DEFINITION_SHAPE($,$,#120);
#2016=PRODUCT_DEFINITION_SHAPE($,$,#121);
#2017=PRODUCT_DEFINITION_SHAPE($,$,#122);
#2018=PRODUCT_DEFINITION_SHAPE($,$,#123);
#2019=PRODUCT_DEFINITION_SHAPE($,$,#124);
#2020=PRODUCT_DEFINITION_SHAPE($,$,#125);
#2021=PRODUCT_DEFINITION_SHAPE($,$,#126);
#2022=PRODUCT_DEFINITION_SHAPE($,$,#127);
#2023=PRODUCT_DEFINITION_SHAPE($,$,#128);
#2024=PRODUCT_DEFINITION_SHAPE($,$,#129);
#2025=PRODUCT_DEFINITION_SHAPE($,$,#130);
#2026=PRODUCT_DEFINITION_SHAPE($,$,#131);
#2027=PRODUCT_DEFINITION_SHAPE($,$,#132);
#2028=PRODUCT_DEFINITION_SHAPE($,$,#133);
#2029=PRODUCT_DEFINITION_SHAPE($,$,#134);
#2030=PRODUCT_DEFINITION_SHAPE($,$,#135);
#2031=PRODUCT_DEFINITION_SHAPE($,$,#136);
#2032=PRODUCT_DEFINITION_SHAPE($,$,#137);
#2033=PRODUCT_DEFINITION_SHAPE($,$,#138);
#2034=PRODUCT_DEFINITION_SHAPE($,$,#139);
#2035=PRODUCT_DEFINITION_SHAPE($,$,#140);
#2036=SHAPE_REPRESENTATION('',(#1198,#1275,#1276,#1277,#1278,#1279,#1280,
#1281,#1282,#1283,#1284,#1285,#1286,#1287,#1288,#1289,#1290,#1291,#1292,
#1293,#1294,#1295,#1296,#1297,#1298,#1299,#1300,#1301,#1302,#1303,#1304,
#1305,#1306),#1954);
#2037=SHAPE_REPRESENTATION('',(#1199),#1955);
#2038=SHAPE_REPRESENTATION('',(#1200),#1956);
#2039=SHAPE_REPRESENTATION('',(#1201),#1957);
#2040=SHAPE_REPRESENTATION('',(#1202),#1958);
#2041=SHAPE_REPRESENTATION('',(#1203),#1959);
#2042=SHAPE_REPRESENTATION('',(#1204),#1960);
#2043=SHAPE_REPRESENTATION('',(#1205),#1961);
#2044=SHAPE_REPRESENTATION('',(#1206),#1962);
#2045=SHAPE_REPRESENTATION('',(#1207),#1963);
#2046=SHAPE_REPRESENTATION('',(#1208),#1964);
#2047=SHAPE_REPRESENTATION('',(#1209),#1965);
#2048=SHAPE_REPRESENTATION('',(#1210),#1966);
#2049=SHAPE_REPRESENTATION('',(#1211),#1967);
#2050=SHAPE_REPRESENTATION('',(#1212),#1968);
#2051=PRODUCT_DEFINITION_CONTEXT('part definition',#2098,'design');
#2052=PRODUCT_DEFINITION('2026-05-25-07-34-30-622','HexahubV2',#2067,#2051);
#2053=PRODUCT_DEFINITION('2026-05-25-07-34-30-625','SL2.1A',#2068,#2051);
#2054=PRODUCT_DEFINITION('2026-05-25-07-34-30-630',
'Crystal_SMD_3225-4Pin_3.2x2.5mm',#2069,#2051);
#2055=PRODUCT_DEFINITION('2026-05-25-07-34-30-631',
'HRO  TYPE-C-31-M-12',#2070,#2051);
#2056=PRODUCT_DEFINITION('2026-05-25-07-34-30-632','HexaHubV2_copper',#2071,
#2051);
#2057=PRODUCT_DEFINITION('2026-05-25-07-34-30-633',
'HexaHubV2_silkscreen',#2072,#2051);
#2058=PRODUCT_DEFINITION('2026-05-25-07-34-30-634',
'HexaHubV2_soldermask',#2073,#2051);
#2059=PRODUCT_DEFINITION('2026-05-25-07-34-30-635',
'HexaHubV2_soldermask (1)',#2074,#2051);
#2060=PRODUCT_DEFINITION('2026-05-25-07-34-30-636','HexaHubV2_PCB',#2075,
#2051);
#2061=PRODUCT_DEFINITION('2026-05-25-07-34-30-628','R_0603_1608Metric',
#2076,#2051);
#2062=PRODUCT_DEFINITION('2026-05-25-07-34-30-623','C_0402_1005Metric',
#2077,#2051);
#2063=PRODUCT_DEFINITION('2026-05-25-07-34-30-629',
'USB_A_Molex_67643_Horizontal',#2078,#2051);
#2064=PRODUCT_DEFINITION('2026-05-25-07-34-30-627','C_0603_1608Metric',
#2079,#2051);
#2065=PRODUCT_DEFINITION('2026-05-25-07-34-30-624','SOT-143',#2080,#2051);
#2066=PRODUCT_DEFINITION('2026-05-25-07-34-30-626',
'Fuse_1206_3216Metric',#2081,#2051);
#2067=PRODUCT_DEFINITION_FORMATION('',$,#2100);
#2068=PRODUCT_DEFINITION_FORMATION('',$,#2101);
#2069=PRODUCT_DEFINITION_FORMATION('',$,#2102);
#2070=PRODUCT_DEFINITION_FORMATION('',$,#2103);
#2071=PRODUCT_DEFINITION_FORMATION('',$,#2104);
#2072=PRODUCT_DEFINITION_FORMATION('',$,#2105);
#2073=PRODUCT_DEFINITION_FORMATION('',$,#2106);
#2074=PRODUCT_DEFINITION_FORMATION('',$,#2107);
#2075=PRODUCT_DEFINITION_FORMATION('',$,#2108);
#2076=PRODUCT_DEFINITION_FORMATION('',$,#2109);
#2077=PRODUCT_DEFINITION_FORMATION('',$,#2110);
#2078=PRODUCT_DEFINITION_FORMATION('',$,#2111);
#2079=PRODUCT_DEFINITION_FORMATION('',$,#2112);
#2080=PRODUCT_DEFINITION_FORMATION('',$,#2113);
#2081=PRODUCT_DEFINITION_FORMATION('',$,#2114);
#2082=PRODUCT_RELATED_PRODUCT_CATEGORY('HexahubV2','HexahubV2',(#2100));
#2083=PRODUCT_RELATED_PRODUCT_CATEGORY('SL2.1A','SL2.1A',(#2101));
#2084=PRODUCT_RELATED_PRODUCT_CATEGORY(
'Crystal_SMD_3225-4Pin_3.2x2.5mm','Crystal_SMD_3225-4Pin_3.2x2.5mm',(#2102));
#2085=PRODUCT_RELATED_PRODUCT_CATEGORY('HRO  TYPE-C-31-M-12',
'HRO  TYPE-C-31-M-12',(#2103));
#2086=PRODUCT_RELATED_PRODUCT_CATEGORY('HexaHubV2_copper',
'HexaHubV2_copper',(#2104));
#2087=PRODUCT_RELATED_PRODUCT_CATEGORY('HexaHubV2_silkscreen',
'HexaHubV2_silkscreen',(#2105));
#2088=PRODUCT_RELATED_PRODUCT_CATEGORY('HexaHubV2_soldermask',
'HexaHubV2_soldermask',(#2106));
#2089=PRODUCT_RELATED_PRODUCT_CATEGORY('HexaHubV2_soldermask (1)',
'HexaHubV2_soldermask (1)',(#2107));
#2090=PRODUCT_RELATED_PRODUCT_CATEGORY('HexaHubV2_PCB','HexaHubV2_PCB',
(#2108));
#2091=PRODUCT_RELATED_PRODUCT_CATEGORY('R_0603_1608Metric',
'R_0603_1608Metric',(#2109));
#2092=PRODUCT_RELATED_PRODUCT_CATEGORY('C_0402_1005Metric',
'C_0402_1005Metric',(#2110));
#2093=PRODUCT_RELATED_PRODUCT_CATEGORY('USB_A_Molex_67643_Horizontal',
'USB_A_Molex_67643_Horizontal',(#2111));
#2094=PRODUCT_RELATED_PRODUCT_CATEGORY('C_0603_1608Metric',
'C_0603_1608Metric',(#2112));
#2095=PRODUCT_RELATED_PRODUCT_CATEGORY('SOT-143','SOT-143',(#2113));
#2096=PRODUCT_RELATED_PRODUCT_CATEGORY('Fuse_1206_3216Metric',
'Fuse_1206_3216Metric',(#2114));
#2097=APPLICATION_PROTOCOL_DEFINITION('international standard',
'automotive_design',2009,#2098);
#2098=APPLICATION_CONTEXT(
'Core Data for Automotive Mechanical Design Process');
#2099=PRODUCT_CONTEXT('part definition',#2098,'mechanical');
#2100=PRODUCT('2026-05-25-07-34-30-622','HexahubV2',
'KiCad electronic assembly',(#2099));
#2101=PRODUCT('2026-05-25-07-34-30-625','SL2.1A',$,(#2099));
#2102=PRODUCT('2026-05-25-07-34-30-630',
'Crystal_SMD_3225-4Pin_3.2x2.5mm',$,(#2099));
#2103=PRODUCT('2026-05-25-07-34-30-631','HRO  TYPE-C-31-M-12',$,(#2099));
#2104=PRODUCT('2026-05-25-07-34-30-632','HexaHubV2_copper',$,(#2099));
#2105=PRODUCT('2026-05-25-07-34-30-633','HexaHubV2_silkscreen',$,(#2099));
#2106=PRODUCT('2026-05-25-07-34-30-634','HexaHubV2_soldermask',$,(#2099));
#2107=PRODUCT('2026-05-25-07-34-30-635','HexaHubV2_soldermask (1)',$,(#2099));
#2108=PRODUCT('2026-05-25-07-34-30-636','HexaHubV2_PCB',$,(#2099));
#2109=PRODUCT('2026-05-25-07-34-30-628','R_0603_1608Metric',$,(#2099));
#2110=PRODUCT('2026-05-25-07-34-30-623','C_0402_1005Metric',$,(#2099));
#2111=PRODUCT('2026-05-25-07-34-30-629','USB_A_Molex_67643_Horizontal',
$,(#2099));
#2112=PRODUCT('2026-05-25-07-34-30-627','C_0603_1608Metric',$,(#2099));
#2113=PRODUCT('2026-05-25-07-34-30-624','SOT-143',$,(#2099));
#2114=PRODUCT('2026-05-25-07-34-30-626','Fuse_1206_3216Metric',$,(#2099));
#2115=PRESENTATION_STYLE_ASSIGNMENT((#2135));
#2116=PRESENTATION_STYLE_ASSIGNMENT((#2136));
#2117=PRESENTATION_STYLE_ASSIGNMENT((#2137));
#2118=PRESENTATION_STYLE_ASSIGNMENT((#2138));
#2119=PRESENTATION_STYLE_ASSIGNMENT((#2139));
#2120=PRESENTATION_STYLE_ASSIGNMENT((#2140));
#2121=PRESENTATION_STYLE_ASSIGNMENT((#2141));
#2122=PRESENTATION_STYLE_ASSIGNMENT((#2142));
#2123=PRESENTATION_STYLE_ASSIGNMENT((#2143));
#2124=PRESENTATION_STYLE_ASSIGNMENT((#2144));
#2125=PRESENTATION_STYLE_ASSIGNMENT((#2145));
#2126=PRESENTATION_STYLE_ASSIGNMENT((#2146));
#2127=PRESENTATION_STYLE_ASSIGNMENT((#2147));
#2128=PRESENTATION_STYLE_ASSIGNMENT((#2148));
#2129=PRESENTATION_STYLE_ASSIGNMENT((#2149));
#2130=PRESENTATION_STYLE_ASSIGNMENT((#2150));
#2131=PRESENTATION_STYLE_ASSIGNMENT((#2151));
#2132=PRESENTATION_STYLE_ASSIGNMENT((#2152));
#2133=PRESENTATION_STYLE_ASSIGNMENT((#2153));
#2134=PRESENTATION_STYLE_ASSIGNMENT((#2154));
#2135=SURFACE_STYLE_USAGE(.BOTH.,#2155);
#2136=SURFACE_STYLE_USAGE(.BOTH.,#2156);
#2137=SURFACE_STYLE_USAGE(.BOTH.,#2157);
#2138=SURFACE_STYLE_USAGE(.BOTH.,#2158);
#2139=SURFACE_STYLE_USAGE(.BOTH.,#2159);
#2140=SURFACE_STYLE_USAGE(.BOTH.,#2160);
#2141=SURFACE_STYLE_USAGE(.BOTH.,#2161);
#2142=SURFACE_STYLE_USAGE(.BOTH.,#2162);
#2143=SURFACE_STYLE_USAGE(.BOTH.,#2163);
#2144=SURFACE_STYLE_USAGE(.BOTH.,#2164);
#2145=SURFACE_STYLE_USAGE(.BOTH.,#2165);
#2146=SURFACE_STYLE_USAGE(.BOTH.,#2166);
#2147=SURFACE_STYLE_USAGE(.BOTH.,#2167);
#2148=SURFACE_STYLE_USAGE(.BOTH.,#2168);
#2149=SURFACE_STYLE_USAGE(.BOTH.,#2169);
#2150=SURFACE_STYLE_USAGE(.BOTH.,#2170);
#2151=SURFACE_STYLE_USAGE(.BOTH.,#2171);
#2152=SURFACE_STYLE_USAGE(.BOTH.,#2172);
#2153=SURFACE_STYLE_USAGE(.BOTH.,#2173);
#2154=SURFACE_STYLE_USAGE(.BOTH.,#2174);
#2155=SURFACE_SIDE_STYLE('',(#2175));
#2156=SURFACE_SIDE_STYLE('',(#2176));
#2157=SURFACE_SIDE_STYLE('',(#2177));
#2158=SURFACE_SIDE_STYLE('',(#2178));
#2159=SURFACE_SIDE_STYLE('',(#2179));
#2160=SURFACE_SIDE_STYLE('',(#2180));
#2161=SURFACE_SIDE_STYLE('',(#2181));
#2162=SURFACE_SIDE_STYLE('',(#2182));
#2163=SURFACE_SIDE_STYLE('',(#2183));
#2164=SURFACE_SIDE_STYLE('',(#2184));
#2165=SURFACE_SIDE_STYLE('',(#2185));
#2166=SURFACE_SIDE_STYLE('',(#2186));
#2167=SURFACE_SIDE_STYLE('',(#2187));
#2168=SURFACE_SIDE_STYLE('',(#2188));
#2169=SURFACE_SIDE_STYLE('',(#2189));
#2170=SURFACE_SIDE_STYLE('',(#2190));
#2171=SURFACE_SIDE_STYLE('',(#2191));
#2172=SURFACE_SIDE_STYLE('',(#2192));
#2173=SURFACE_SIDE_STYLE('',(#2193));
#2174=SURFACE_SIDE_STYLE('',(#2194));
#2175=SURFACE_STYLE_FILL_AREA(#2195);
#2176=SURFACE_STYLE_FILL_AREA(#2196);
#2177=SURFACE_STYLE_FILL_AREA(#2197);
#2178=SURFACE_STYLE_FILL_AREA(#2198);
#2179=SURFACE_STYLE_FILL_AREA(#2199);
#2180=SURFACE_STYLE_FILL_AREA(#2200);
#2181=SURFACE_STYLE_FILL_AREA(#2201);
#2182=SURFACE_STYLE_FILL_AREA(#2202);
#2183=SURFACE_STYLE_FILL_AREA(#2203);
#2184=SURFACE_STYLE_FILL_AREA(#2204);
#2185=SURFACE_STYLE_FILL_AREA(#2205);
#2186=SURFACE_STYLE_FILL_AREA(#2206);
#2187=SURFACE_STYLE_FILL_AREA(#2207);
#2188=SURFACE_STYLE_FILL_AREA(#2208);
#2189=SURFACE_STYLE_FILL_AREA(#2209);
#2190=SURFACE_STYLE_FILL_AREA(#2210);
#2191=SURFACE_STYLE_FILL_AREA(#2211);
#2192=SURFACE_STYLE_FILL_AREA(#2212);
#2193=SURFACE_STYLE_FILL_AREA(#2213);
#2194=SURFACE_STYLE_FILL_AREA(#2214);
#2195=FILL_AREA_STYLE('Steel - Satin',(#2215));
#2196=FILL_AREA_STYLE('Plastic - Matte (Black)',(#2216));
#2197=FILL_AREA_STYLE('Base material - Transparent',(#2217));
#2198=FILL_AREA_STYLE('Bamboo Light - Semigloss',(#2218));
#2199=FILL_AREA_STYLE('Opaque(202,209,238)',(#2219));
#2200=FILL_AREA_STYLE('Opaque(64,64,64)',(#2220));
#2201=FILL_AREA_STYLE('Opaque(255,255,255)',(#2221));
#2202=FILL_AREA_STYLE('Opaque(210,209,199)',(#2222));
#2203=FILL_AREA_STYLE('Opaque(219,188,126)',(#2223));
#2204=FILL_AREA_STYLE('Opaque(41,41,41)',(#2224));
#2205=FILL_AREA_STYLE('Base Material - Metal',(#2225));
#2206=FILL_AREA_STYLE('Opaque(218,205,0)',(#2226));
#2207=FILL_AREA_STYLE('Opaque(80,124,105)',(#2227));
#2208=FILL_AREA_STYLE('Opaque(173,179,147)',(#2228));
#2209=FILL_AREA_STYLE('Opaque(228,227,207)',(#2229));
#2210=FILL_AREA_STYLE('Opaque(21,22,24)',(#2230));
#2211=FILL_AREA_STYLE('Opaque(97,69,55)',(#2231));
#2212=FILL_AREA_STYLE('Opaque(204,204,204)',(#2232));
#2213=FILL_AREA_STYLE('Opaque(38,37,37)',(#2233));
#2214=FILL_AREA_STYLE('Opaque(176,169,152)',(#2234));
#2215=FILL_AREA_STYLE_COLOUR('Steel - Satin',#2235);
#2216=FILL_AREA_STYLE_COLOUR('Plastic - Matte (Black)',#2236);
#2217=FILL_AREA_STYLE_COLOUR('Base material - Transparent',#2237);
#2218=FILL_AREA_STYLE_COLOUR('Bamboo Light - Semigloss',#2238);
#2219=FILL_AREA_STYLE_COLOUR('Opaque(202,209,238)',#2239);
#2220=FILL_AREA_STYLE_COLOUR('Opaque(64,64,64)',#2240);
#2221=FILL_AREA_STYLE_COLOUR('Opaque(255,255,255)',#2241);
#2222=FILL_AREA_STYLE_COLOUR('Opaque(210,209,199)',#2242);
#2223=FILL_AREA_STYLE_COLOUR('Opaque(219,188,126)',#2243);
#2224=FILL_AREA_STYLE_COLOUR('Opaque(41,41,41)',#2244);
#2225=FILL_AREA_STYLE_COLOUR('Base Material - Metal',#2245);
#2226=FILL_AREA_STYLE_COLOUR('Opaque(218,205,0)',#2246);
#2227=FILL_AREA_STYLE_COLOUR('Opaque(80,124,105)',#2247);
#2228=FILL_AREA_STYLE_COLOUR('Opaque(173,179,147)',#2248);
#2229=FILL_AREA_STYLE_COLOUR('Opaque(228,227,207)',#2249);
#2230=FILL_AREA_STYLE_COLOUR('Opaque(21,22,24)',#2250);
#2231=FILL_AREA_STYLE_COLOUR('Opaque(97,69,55)',#2251);
#2232=FILL_AREA_STYLE_COLOUR('Opaque(204,204,204)',#2252);
#2233=FILL_AREA_STYLE_COLOUR('Opaque(38,37,37)',#2253);
#2234=FILL_AREA_STYLE_COLOUR('Opaque(176,169,152)',#2254);
#2235=COLOUR_RGB('Steel - Satin',0.627450980392157,0.627450980392157,0.627450980392157);
#2236=COLOUR_RGB('Plastic - Matte (Black)',0.0980392156862745,0.0980392156862745,
0.0980392156862745);
#2237=COLOUR_RGB('Base material - Transparent',0.701960784313725,0.701960784313725,
0.701960784313725);
#2238=COLOUR_RGB('Bamboo Light - Semigloss',0.,0.,0.);
#2239=COLOUR_RGB('Opaque(202,209,238)',0.792156862745098,0.819607843137255,
0.933333333333333);
#2240=COLOUR_RGB('Opaque(64,64,64)',0.250980392156863,0.250980392156863,
0.250980392156863);
#2241=COLOUR_RGB('Opaque(255,255,255)',1.,1.,1.);
#2242=COLOUR_RGB('Opaque(210,209,199)',0.823529411764706,0.819607843137255,
0.780392156862745);
#2243=COLOUR_RGB('Opaque(219,188,126)',0.858823529411765,0.737254901960784,
0.494117647058824);
#2244=COLOUR_RGB('Opaque(41,41,41)',0.16078431372549,0.16078431372549,0.16078431372549);
#2245=COLOUR_RGB('Base Material - Metal',0.909803921568627,0.917647058823529,
0.92156862745098);
#2246=COLOUR_RGB('Opaque(218,205,0)',0.854901960784314,0.803921568627451,
0.);
#2247=COLOUR_RGB('Opaque(80,124,105)',0.313725490196078,0.486274509803922,
0.411764705882353);
#2248=COLOUR_RGB('Opaque(173,179,147)',0.67843137254902,0.701960784313725,
0.576470588235294);
#2249=COLOUR_RGB('Opaque(228,227,207)',0.894117647058824,0.890196078431372,
0.811764705882353);
#2250=COLOUR_RGB('Opaque(21,22,24)',0.0823529411764706,0.0862745098039216,
0.0941176470588235);
#2251=COLOUR_RGB('Opaque(97,69,55)',0.380392156862745,0.270588235294118,
0.215686274509804);
#2252=COLOUR_RGB('Opaque(204,204,204)',0.8,0.8,0.8);
#2253=COLOUR_RGB('Opaque(38,37,37)',0.149019607843137,0.145098039215686,
0.145098039215686);
#2254=COLOUR_RGB('Opaque(176,169,152)',0.690196078431373,0.662745098039216,
0.596078431372549);
ENDSEC;
END-ISO-10303-21;
